ctime,schemaname,relname,seq_scan,seq_tup_read,idx_scan,idx_tup_fetch,n_tup_ins,n_tup_upd,n_tup_del,n_tup_hot_upd,n_live_tup,n_dead_tup,heap_blks_read,heap_blks_hit,idx_blks_read,idx_blks_hit,toast_blks_read,toast_blks_hit,tidx_blks_read,tidx_blks_hit
1415233473.2123,public,partsupp,0,0,,,0,0,0,0,0,0,0,0,,,,,,
1415233473.2123,public,lineitem,0,0,,,0,0,0,0,0,0,0,0,,,,,,
1415233473.2123,pg_catalog,pg_auth_members,0,0,0,0,0,0,0,0,0,0,0,0,0,0,,,,
1415233473.2123,pg_catalog,pg_operator,0,0,96712,484857,0,0,0,0,0,0,1089,341783,953,211264,,,,
1415233473.2123,public,time_statistics,0,0,,,1,0,0,0,1,0,1,0,,,,,,
1415233473.2123,public,orders,0,0,,,0,0,0,0,0,0,0,0,,,,,,
1415233473.2123,pg_catalog,pg_aggregate,0,0,6634,6634,0,0,0,0,0,0,161,6473,422,11166,,,,
1415233473.2123,pg_catalog,pg_pltemplate,0,0,0,0,0,0,0,0,0,0,0,0,0,0,,,,
1415233473.2123,pg_toast,pg_toast_11615,0,0,0,0,0,0,0,0,0,0,0,0,0,0,,,,
1415233473.2123,pg_catalog,pg_description,0,0,1585,0,0,0,0,0,0,0,0,0,473,3062,0,0,0,0
1415233473.2123,pg_catalog,pg_language,0,0,0,0,0,0,0,0,0,0,0,0,0,0,,,,
1415233473.2123,pg_catalog,pg_ts_parser,0,0,0,0,0,0,0,0,0,0,0,0,0,0,,,,
1415233473.2123,pg_catalog,pg_shseclabel,0,0,0,0,0,0,0,0,0,0,0,0,0,0,,,,
1415233473.2123,pg_catalog,pg_foreign_table,0,0,0,0,0,0,0,0,0,0,0,0,0,0,,,,
1415233473.2123,pg_toast,pg_toast_11620,0,0,0,0,0,0,0,0,0,0,0,0,0,0,,,,
1415233473.2123,pg_catalog,pg_attrdef,0,0,0,0,0,0,0,0,0,0,0,0,0,0,0,0,0,0
1415233473.2123,pg_catalog,pg_ts_template,0,0,0,0,0,0,0,0,0,0,0,0,0,0,,,,
1415233473.2123,pg_catalog,pg_foreign_server,0,0,0,0,0,0,0,0,0,0,0,0,0,0,,,,
1415233473.2123,pg_catalog,pg_default_acl,0,0,1500,0,0,0,0,0,0,0,0,0,153,1347,,,,
1415233473.2123,public,nation,2,50,0,0,25,0,0,0,25,0,1,3,0,0,,,,
1415233473.2123,pg_toast,pg_toast_11595,0,0,0,0,0,0,0,0,0,0,0,0,0,0,,,,
1415233473.2123,information_schema,sql_packages,0,0,,,0,0,0,0,0,0,0,0,,,0,0,0,0
1415233473.2123,pg_catalog,pg_attribute,836,5548,257661,569534,2286,52,2150,38,2383,482,5014,276420,1386,537298,,,,
1415233473.2123,pg_catalog,pg_statistic,0,0,70732,67879,442,1410,435,1088,392,121,4807,67190,542,151823,13194,67911,165,59627
1415233473.2123,pg_toast,pg_toast_2618,0,0,1368,4438,0,0,0,0,0,0,1084,1302,386,1682,,,,
1415233473.2123,pg_toast,pg_toast_3596,0,0,0,0,0,0,0,0,0,0,0,0,0,0,,,,
1415233473.2123,information_schema,sql_features,0,0,,,0,0,0,0,0,0,0,0,,,0,0,0,0
1415233473.2123,pg_catalog,pg_depend,0,0,15188,16312,2793,0,2760,0,5638,187,2386,18715,3898,39193,,,,
1415233473.2123,public,part,0,0,,,0,0,0,0,0,0,0,0,,,,,,
1415233473.2123,pg_toast,pg_toast_11605,0,0,0,0,0,0,0,0,0,0,0,0,0,0,,,,
1415233473.2123,pg_catalog,pg_opclass,152,152,75364,808464,0,0,0,0,0,0,93,289318,362,93247,,,,
1415233473.2123,pg_catalog,pg_proc,0,0,114167,168986,0,0,0,0,0,0,7511,119067,2695,252253,0,0,0,0
1415233473.2123,pg_catalog,pg_trigger,0,0,0,0,0,0,0,0,0,0,0,0,0,0,0,0,0,0
1415233473.2123,information_schema,sql_languages,0,0,,,0,0,0,0,0,0,0,0,,,0,0,0,0
1415233473.2123,pg_catalog,pg_am,13096,13096,0,0,0,0,0,0,0,0,37,13059,0,0,,,,
1415233473.2123,pg_catalog,pg_largeobject_metadata,0,0,0,0,0,0,0,0,0,0,0,0,0,0,,,,
1415233473.2123,pg_catalog,pg_ts_config_map,0,0,0,0,0,0,0,0,0,0,0,0,0,0,,,,
1415233473.2123,pg_catalog,pg_type,0,0,288954,286144,744,0,725,0,349,115,1154,288067,1831,574534,,,,
1415233473.2123,information_schema,sql_sizing_profiles,0,0,,,0,0,0,0,0,0,0,0,,,0,0,0,0
1415233473.2123,pg_catalog,pg_shdepend,0,0,1978,392,0,0,0,0,0,0,172,220,674,2046,,,,
1415233473.2123,pg_catalog,pg_conversion,0,0,0,0,0,0,0,0,0,0,0,0,0,0,,,,
1415233473.2123,pg_catalog,pg_foreign_data_wrapper,0,0,0,0,0,0,0,0,0,0,0,0,0,0,,,,
1415233473.2123,pg_catalog,pg_opfamily,0,0,0,0,0,0,0,0,0,0,0,0,0,0,,,,
1415233473.2123,pg_catalog,pg_shdescription,0,0,0,0,0,0,0,0,0,0,0,0,0,0,0,0,0,0
1415233473.2123,pg_catalog,pg_tablespace,2,4,9170,9170,0,0,0,0,0,0,55,9117,110,18230,,,,
1415233473.2123,pg_catalog,pg_inherits,0,0,365,0,0,0,0,0,0,0,0,0,175,190,,,,
1415233473.2123,pg_toast,pg_toast_2606,0,0,0,0,0,0,0,0,0,0,0,0,0,0,,,,
1415233473.2123,pg_toast,pg_toast_2964,0,0,0,0,0,0,0,0,0,0,0,0,0,0,,,,
1415233473.2123,pg_catalog,pg_database,1028,3977,45799,45797,1,0,0,0,1,0,11,46815,147,72032,,,,
1415233473.2123,pg_toast,pg_toast_2620,0,0,0,0,0,0,0,0,0,0,0,0,0,0,,,,
1415233473.2123,information_schema,sql_sizing,0,0,,,0,0,0,0,0,0,0,0,,,0,0,0,0
1415233473.2123,public,customer,0,0,,,0,0,0,0,0,0,0,0,,,,,,
1415233473.2123,pg_catalog,pg_amproc,152,304,55455,82590,0,0,0,0,0,0,133,54175,111,123648,,,,
1415233473.2123,pg_catalog,pg_collation,0,0,0,0,0,0,0,0,0,0,0,0,0,0,,,,
1415233473.2123,pg_catalog,pg_constraint,0,0,82,40,42,0,40,0,4,40,26,225,48,410,0,0,0,0
1415233473.2123,pg_catalog,pg_range,0,0,2945,0,0,0,0,0,0,0,0,0,433,5457,,,,
1415233473.2123,pg_toast,pg_toast_11600,0,0,0,0,0,0,0,0,0,0,0,0,0,0,,,,
1415233473.2123,pg_toast,pg_toast_11590,0,0,0,0,0,0,0,0,0,0,0,0,0,0,,,,
1415233473.2123,information_schema,sql_implementation_info,0,0,,,0,0,0,0,0,0,0,0,,,0,0,0,0
1415233473.2123,pg_catalog,pg_user_mapping,0,0,0,0,0,0,0,0,0,0,0,0,0,0,,,,
1415233473.2123,pg_catalog,pg_largeobject,0,0,0,0,0,0,0,0,0,0,0,0,0,0,,,,
1415233473.2123,pg_catalog,pg_namespace,863,13670,59785,47271,16,0,0,0,16,0,66,48109,938,73028,,,,
1415233473.2123,information_schema,sql_parts,0,0,,,0,0,0,0,0,0,0,0,,,0,0,0,0
1415233473.2123,pg_catalog,pg_authid,379,379,25175,25175,0,0,0,0,0,0,42,25512,174,50176,,,,
1415233473.2123,pg_catalog,pg_index,1884,184818,125765,182429,247,0,245,0,112,53,603,164264,241,145785,,,,
1415233473.2123,pg_catalog,pg_ts_dict,0,0,0,0,0,0,0,0,0,0,0,0,0,0,,,,
1415233473.2123,pg_catalog,pg_class,4628,1009231,329896,306664,622,210,610,202,300,138,1376,345759,504,640506,,,,
1415233473.2123,pg_toast,pg_toast_2396,0,0,0,0,0,0,0,0,0,0,0,0,0,0,,,,
1415233473.2123,pg_catalog,pg_enum,0,0,0,0,0,0,0,0,0,0,0,0,0,0,,,,
1415233473.2123,pg_catalog,pg_db_role_setting,0,0,39600,0,0,0,0,0,0,0,0,0,38,39562,0,0,0,0
1415233473.2123,pg_catalog,pg_seclabel,0,0,1585,0,0,0,0,0,0,0,0,0,149,1436,0,0,0,0
1415233473.2123,public,region,2,10,0,0,5,0,0,0,5,0,1,3,0,0,,,,
1415233473.2123,pg_toast,pg_toast_2609,0,0,0,0,0,0,0,0,0,0,0,0,0,0,,,,
1415233473.2123,pg_toast,pg_toast_1255,0,0,0,0,0,0,0,0,0,0,0,0,0,0,,,,
1415233473.2123,pg_catalog,pg_rewrite,0,0,3632,3002,210,0,210,0,111,1,1821,2813,765,5423,1084,1302,386,1682
1415233473.2123,pg_catalog,pg_ts_config,0,0,0,0,0,0,0,0,0,0,0,0,0,0,,,,
1415233473.2123,pg_catalog,pg_extension,0,0,0,0,0,0,0,0,0,0,0,0,0,0,,,,
1415233473.2123,pg_catalog,pg_amop,0,0,111730,162619,0,0,0,0,0,0,201,162418,664,237969,,,,
1415233473.2123,pg_catalog,pg_cast,0,0,403115,99932,0,0,0,0,0,0,149,99783,84,415207,,,,
1415233473.2123,public,supplier,0,0,,,0,0,0,0,0,0,0,0,,,,,,
1415233473.2123,pg_toast,pg_toast_2619,0,0,51254,170970,1646,0,1635,0,41,286,13194,67911,165,59627,,,,
1415233473.2123,pg_toast,pg_toast_11610,0,0,0,0,0,0,0,0,0,0,0,0,0,0,,,,
1415233473.2123,pg_toast,pg_toast_2604,0,0,0,0,0,0,0,0,0,0,0,0,0,0,,,,
1415233533.21404,public,partsupp,3,24000000,0,0,8000000,0,0,0,8000000,0,340611,954509,0,0,,,,
1415233533.21404,public,lineitem,0,0,,,0,0,0,0,0,0,0,0,,,,,,
1415233533.21404,pg_catalog,pg_auth_members,0,0,0,0,0,0,0,0,0,0,0,0,0,0,,,,
1415233533.21404,pg_catalog,pg_operator,0,0,96753,484952,0,0,0,0,0,0,1099,341850,954,211359,,,,
1415233533.21404,public,time_statistics,0,0,,,1,0,0,0,1,0,1,0,,,,,,
1415233533.21404,public,orders,0,0,,,15000000,0,0,0,15000000,0,253333,543656,,,,,,
1415233533.21404,pg_catalog,pg_aggregate,0,0,6635,6635,0,0,0,0,0,0,162,6473,424,11166,,,,
1415233533.21404,pg_catalog,pg_pltemplate,0,0,0,0,0,0,0,0,0,0,0,0,0,0,,,,
1415233533.21404,pg_toast,pg_toast_11615,0,0,0,0,0,0,0,0,0,0,0,0,0,0,,,,
1415233533.21404,pg_catalog,pg_description,0,0,1585,0,0,0,0,0,0,0,0,0,473,3062,0,0,0,0
1415233533.21404,pg_catalog,pg_language,0,0,0,0,0,0,0,0,0,0,0,0,0,0,,,,
1415233533.21404,pg_catalog,pg_ts_parser,0,0,0,0,0,0,0,0,0,0,0,0,0,0,,,,
1415233533.21404,pg_catalog,pg_shseclabel,0,0,0,0,0,0,0,0,0,0,0,0,0,0,,,,
1415233533.21404,pg_catalog,pg_foreign_table,0,0,0,0,0,0,0,0,0,0,0,0,0,0,,,,
1415233533.21404,pg_toast,pg_toast_11620,0,0,0,0,0,0,0,0,0,0,0,0,0,0,,,,
1415233533.21404,pg_catalog,pg_attrdef,0,0,0,0,0,0,0,0,0,0,0,0,0,0,0,0,0,0
1415233533.21404,pg_catalog,pg_ts_template,0,0,0,0,0,0,0,0,0,0,0,0,0,0,,,,
1415233533.21404,pg_catalog,pg_foreign_server,0,0,0,0,0,0,0,0,0,0,0,0,0,0,,,,
1415233533.21404,pg_catalog,pg_default_acl,0,0,1500,0,0,0,0,0,0,0,0,0,153,1347,,,,
1415233533.21404,public,nation,2,50,0,0,25,0,0,0,25,0,1,3,0,0,,,,
1415233533.21404,pg_toast,pg_toast_11595,0,0,0,0,0,0,0,0,0,0,0,0,0,0,,,,
1415233533.21404,information_schema,sql_packages,0,0,,,0,0,0,0,0,0,0,0,,,0,0,0,0
1415233533.21404,pg_catalog,pg_attribute,858,5694,258251,571094,2303,56,2150,42,2400,484,5033,277407,1386,538594,,,,
1415233533.21404,pg_catalog,pg_statistic,0,0,70832,67961,454,1475,435,1150,404,169,4811,67365,542,152060,13217,68337,165,59753
1415233533.21404,pg_toast,pg_toast_2618,0,0,1372,4451,0,0,0,0,0,0,1089,1304,386,1688,,,,
1415233533.21404,pg_toast,pg_toast_3596,0,0,0,0,0,0,0,0,0,0,0,0,0,0,,,,
1415233533.21404,information_schema,sql_features,0,0,,,0,0,0,0,0,0,0,0,,,0,0,0,0
1415233533.21404,pg_catalog,pg_depend,0,0,15239,16360,2816,0,2760,0,5661,187,2390,18820,3901,39408,,,,
1415233533.21404,public,part,2,4000000,0,0,2000000,0,0,0,2000000,0,56736,147376,0,0,,,,
1415233533.21404,pg_toast,pg_toast_11605,0,0,0,0,0,0,0,0,0,0,0,0,0,0,,,,
1415233533.21404,pg_catalog,pg_opclass,156,156,75506,810510,0,0,0,0,0,0,93,289876,362,93432,,,,
1415233533.21404,pg_catalog,pg_proc,0,0,114247,169100,0,0,0,0,0,0,7520,119156,2697,252429,0,0,0,0
1415233533.21404,pg_catalog,pg_trigger,0,0,0,0,0,0,0,0,0,0,0,0,0,0,0,0,0,0
1415233533.21404,information_schema,sql_languages,0,0,,,0,0,0,0,0,0,0,0,,,0,0,0,0
1415233533.21404,pg_catalog,pg_am,13134,13134,0,0,0,0,0,0,0,0,37,13097,0,0,,,,
1415233533.21404,pg_catalog,pg_largeobject_metadata,0,0,0,0,0,0,0,0,0,0,0,0,0,0,,,,
1415233533.21404,pg_catalog,pg_ts_config_map,0,0,0,0,0,0,0,0,0,0,0,0,0,0,,,,
1415233533.21404,pg_catalog,pg_type,0,0,289133,286323,744,0,725,0,349,115,1155,288245,1831,574918,,,,
1415233533.21404,information_schema,sql_sizing_profiles,0,0,,,0,0,0,0,0,0,0,0,,,0,0,0,0
1415233533.21404,pg_catalog,pg_shdepend,0,0,1978,392,0,0,0,0,0,0,172,220,674,2046,,,,
1415233533.21404,pg_catalog,pg_conversion,0,0,0,0,0,0,0,0,0,0,0,0,0,0,,,,
1415233533.21404,pg_catalog,pg_foreign_data_wrapper,0,0,0,0,0,0,0,0,0,0,0,0,0,0,,,,
1415233533.21404,pg_catalog,pg_opfamily,0,0,0,0,0,0,0,0,0,0,0,0,0,0,,,,
1415233533.21404,pg_catalog,pg_shdescription,0,0,0,0,0,0,0,0,0,0,0,0,0,0,0,0,0,0
1415233533.21404,pg_catalog,pg_tablespace,2,4,9174,9174,0,0,0,0,0,0,55,9121,110,18238,,,,
1415233533.21404,pg_catalog,pg_inherits,0,0,365,0,0,0,0,0,0,0,0,0,175,190,,,,
1415233533.21404,pg_toast,pg_toast_2606,0,0,0,0,0,0,0,0,0,0,0,0,0,0,,,,
1415233533.21404,pg_toast,pg_toast_2964,0,0,0,0,0,0,0,0,0,0,0,0,0,0,,,,
1415233533.21404,pg_catalog,pg_database,1031,3989,45893,45891,1,0,0,0,1,0,11,46912,147,72180,,,,
1415233533.21404,pg_toast,pg_toast_2620,0,0,0,0,0,0,0,0,0,0,0,0,0,0,,,,
1415233533.21404,public,customer,6,9000000,0,0,1500000,0,0,0,1500000,0,68533,259579,0,0,,,,
1415233533.21404,information_schema,sql_sizing,0,0,,,0,0,0,0,0,0,0,0,,,0,0,0,0
1415233533.21404,pg_catalog,pg_amproc,156,312,55545,82719,0,0,0,0,0,0,133,54269,111,123854,,,,
1415233533.21404,pg_catalog,pg_collation,0,0,0,0,0,0,0,0,0,0,0,0,0,0,,,,
1415233533.21404,pg_catalog,pg_constraint,0,0,85,40,45,0,40,0,7,40,26,237,48,437,0,0,0,0
1415233533.21404,pg_catalog,pg_range,0,0,2945,0,0,0,0,0,0,0,0,0,433,5457,,,,
1415233533.21404,pg_toast,pg_toast_11600,0,0,0,0,0,0,0,0,0,0,0,0,0,0,,,,
1415233533.21404,pg_toast,pg_toast_11590,0,0,0,0,0,0,0,0,0,0,0,0,0,0,,,,
1415233533.21404,information_schema,sql_implementation_info,0,0,,,0,0,0,0,0,0,0,0,,,0,0,0,0
1415233533.21404,pg_catalog,pg_user_mapping,0,0,0,0,0,0,0,0,0,0,0,0,0,0,,,,
1415233533.21404,pg_catalog,pg_largeobject,0,0,0,0,0,0,0,0,0,0,0,0,0,0,,,,
1415233533.21404,pg_catalog,pg_namespace,866,13736,59838,47301,16,0,0,0,16,0,66,48142,938,73105,,,,
1415233533.21404,information_schema,sql_parts,0,0,,,0,0,0,0,0,0,0,0,,,0,0,0,0
1415233533.21404,pg_catalog,pg_authid,380,380,25226,25226,0,0,0,0,0,0,42,25564,174,50278,,,,
1415233533.21404,pg_catalog,pg_index,1902,185280,126043,182779,259,0,245,0,124,53,604,164645,241,146133,,,,
1415233533.21404,pg_catalog,pg_ts_dict,0,0,0,0,0,0,0,0,0,0,0,0,0,0,,,,
1415233533.21404,pg_catalog,pg_class,4665,1011753,330631,307356,634,210,610,202,312,0,1377,346780,504,642086,,,,
1415233533.21404,pg_toast,pg_toast_2396,0,0,0,0,0,0,0,0,0,0,0,0,0,0,,,,
1415233533.21404,pg_catalog,pg_enum,0,0,0,0,0,0,0,0,0,0,0,0,0,0,,,,
1415233533.21404,pg_catalog,pg_db_role_setting,0,0,39681,0,0,0,0,0,0,0,0,0,38,39643,0,0,0,0
1415233533.21404,pg_catalog,pg_seclabel,0,0,1585,0,0,0,0,0,0,0,0,0,149,1436,0,0,0,0
1415233533.21404,public,region,2,10,0,0,5,0,0,0,5,0,1,3,0,0,,,,
1415233533.21404,pg_toast,pg_toast_2609,0,0,0,0,0,0,0,0,0,0,0,0,0,0,,,,
1415233533.21404,pg_toast,pg_toast_1255,0,0,0,0,0,0,0,0,0,0,0,0,0,0,,,,
1415233533.21404,pg_catalog,pg_rewrite,0,0,3638,3008,210,0,210,0,111,1,1824,2816,765,5433,1089,1304,386,1688
1415233533.21404,pg_catalog,pg_ts_config,0,0,0,0,0,0,0,0,0,0,0,0,0,0,,,,
1415233533.21404,pg_catalog,pg_extension,0,0,0,0,0,0,0,0,0,0,0,0,0,0,,,,
1415233533.21404,pg_catalog,pg_amop,0,0,111825,162723,0,0,0,0,0,0,202,162521,665,238170,,,,
1415233533.21404,pg_catalog,pg_cast,0,0,403882,100078,0,0,0,0,0,0,149,99929,84,415993,,,,
1415233533.21404,public,supplier,4,400000,0,0,100000,0,0,0,100000,0,2312,15648,0,0,,,,
1415233533.21404,pg_toast,pg_toast_2619,0,0,51279,170986,1741,0,1641,0,116,6,13217,68337,165,59753,,,,
1415233533.21404,pg_toast,pg_toast_11610,0,0,0,0,0,0,0,0,0,0,0,0,0,0,,,,
1415233533.21404,pg_toast,pg_toast_2604,0,0,0,0,0,0,0,0,0,0,0,0,0,0,,,,
1415233593.21242,public,partsupp,3,24000000,0,0,8000000,0,0,0,8000000,0,340611,954509,0,0,,,,
1415233593.21242,public,lineitem,0,0,,,0,0,0,0,0,0,0,0,,,,,,
1415233593.21242,pg_catalog,pg_auth_members,0,0,0,0,0,0,0,0,0,0,0,0,0,0,,,,
1415233593.21242,pg_catalog,pg_operator,0,0,96774,484973,0,0,0,0,0,0,1099,341871,954,211409,,,,
1415233593.21242,public,time_statistics,0,0,,,1,0,0,0,1,0,1,0,,,,,,
1415233593.21242,public,orders,4,60000000,0,0,15000000,0,0,0,15000000,0,504554,1305511,0,0,,,,
1415233593.21242,pg_catalog,pg_aggregate,0,0,6636,6636,0,0,0,0,0,0,162,6474,424,11168,,,,
1415233593.21242,pg_catalog,pg_pltemplate,0,0,0,0,0,0,0,0,0,0,0,0,0,0,,,,
1415233593.21242,pg_toast,pg_toast_11615,0,0,0,0,0,0,0,0,0,0,0,0,0,0,,,,
1415233593.21242,pg_catalog,pg_description,0,0,1585,0,0,0,0,0,0,0,0,0,473,3062,0,0,0,0
1415233593.21242,pg_catalog,pg_language,0,0,0,0,0,0,0,0,0,0,0,0,0,0,,,,
1415233593.21242,pg_catalog,pg_ts_parser,0,0,0,0,0,0,0,0,0,0,0,0,0,0,,,,
1415233593.21242,pg_catalog,pg_shseclabel,0,0,0,0,0,0,0,0,0,0,0,0,0,0,,,,
1415233593.21242,pg_catalog,pg_foreign_table,0,0,0,0,0,0,0,0,0,0,0,0,0,0,,,,
1415233593.21242,pg_toast,pg_toast_11620,0,0,0,0,0,0,0,0,0,0,0,0,0,0,,,,
1415233593.21242,pg_catalog,pg_attrdef,0,0,0,0,0,0,0,0,0,0,0,0,0,0,0,0,0,0
1415233593.21242,pg_catalog,pg_ts_template,0,0,0,0,0,0,0,0,0,0,0,0,0,0,,,,
1415233593.21242,pg_catalog,pg_foreign_server,0,0,0,0,0,0,0,0,0,0,0,0,0,0,,,,
1415233593.21242,pg_catalog,pg_default_acl,0,0,1500,0,0,0,0,0,0,0,0,0,153,1347,,,,
1415233593.21242,public,nation,2,50,0,0,25,0,0,0,25,0,1,3,0,0,,,,
1415233593.21242,pg_toast,pg_toast_11595,0,0,0,0,0,0,0,0,0,0,0,0,0,0,,,,
1415233593.21242,information_schema,sql_packages,0,0,,,0,0,0,0,0,0,0,0,,,0,0,0,0
1415233593.21242,pg_catalog,pg_attribute,869,5767,258595,571995,2314,58,2150,44,2411,486,5033,277945,1386,539346,,,,
1415233593.21242,pg_catalog,pg_statistic,0,0,70863,67978,464,1475,435,1150,478,0,4816,67477,542,152151,13217,68414,165,59817
1415233593.21242,pg_toast,pg_toast_2618,0,0,1376,4464,0,0,0,0,0,0,1089,1311,386,1694,,,,
1415233593.21242,pg_toast,pg_toast_3596,0,0,0,0,0,0,0,0,0,0,0,0,0,0,,,,
1415233593.21242,information_schema,sql_features,0,0,,,0,0,0,0,0,0,0,0,,,0,0,0,0
1415233593.21242,pg_catalog,pg_depend,0,0,15263,16382,2829,0,2760,0,5674,187,2390,18873,3901,39520,,,,
1415233593.21242,public,part,6,12000000,0,0,2000000,0,0,0,2000000,0,79007,287193,0,0,,,,
1415233593.21242,pg_toast,pg_toast_11605,0,0,0,0,0,0,0,0,0,0,0,0,0,0,,,,
1415233593.21242,pg_catalog,pg_opclass,158,158,75577,811377,0,0,0,0,0,0,93,290116,362,93523,,,,
1415233593.21242,pg_catalog,pg_proc,0,0,114321,169202,0,0,0,0,0,0,7520,119242,2697,252590,0,0,0,0
1415233593.21242,pg_catalog,pg_trigger,0,0,0,0,0,0,0,0,0,0,0,0,0,0,0,0,0,0
1415233593.21242,information_schema,sql_languages,0,0,,,0,0,0,0,0,0,0,0,,,0,0,0,0
1415233593.21242,pg_catalog,pg_am,13150,13150,0,0,0,0,0,0,0,0,37,13113,0,0,,,,
1415233593.21242,pg_catalog,pg_largeobject_metadata,0,0,0,0,0,0,0,0,0,0,0,0,0,0,,,,
1415233593.21242,pg_catalog,pg_ts_config_map,0,0,0,0,0,0,0,0,0,0,0,0,0,0,,,,
1415233593.21242,pg_catalog,pg_type,0,0,289226,286416,744,0,725,0,349,115,1155,288338,1831,575115,,,,
1415233593.21242,information_schema,sql_sizing_profiles,0,0,,,0,0,0,0,0,0,0,0,,,0,0,0,0
1415233593.21242,pg_catalog,pg_shdepend,0,0,1978,392,0,0,0,0,0,0,172,220,674,2046,,,,
1415233593.21242,pg_catalog,pg_conversion,0,0,0,0,0,0,0,0,0,0,0,0,0,0,,,,
1415233593.21242,pg_catalog,pg_foreign_data_wrapper,0,0,0,0,0,0,0,0,0,0,0,0,0,0,,,,
1415233593.21242,pg_catalog,pg_opfamily,0,0,0,0,0,0,0,0,0,0,0,0,0,0,,,,
1415233593.21242,pg_catalog,pg_shdescription,0,0,0,0,0,0,0,0,0,0,0,0,0,0,0,0,0,0
1415233593.21242,pg_catalog,pg_tablespace,2,4,9178,9178,0,0,0,0,0,0,55,9125,110,18246,,,,
1415233593.21242,pg_catalog,pg_inherits,0,0,365,0,0,0,0,0,0,0,0,0,175,190,,,,
1415233593.21242,pg_toast,pg_toast_2606,0,0,0,0,0,0,0,0,0,0,0,0,0,0,,,,
1415233593.21242,pg_toast,pg_toast_2964,0,0,0,0,0,0,0,0,0,0,0,0,0,0,,,,
1415233593.21242,pg_catalog,pg_database,1034,4001,45928,45926,1,0,0,0,1,0,11,46950,147,72237,,,,
1415233593.21242,pg_toast,pg_toast_2620,0,0,0,0,0,0,0,0,0,0,0,0,0,0,,,,
1415233593.21242,public,customer,6,9000000,0,0,1500000,0,0,0,1500000,0,68533,294857,0,0,,,,
1415233593.21242,information_schema,sql_sizing,0,0,,,0,0,0,0,0,0,0,0,,,0,0,0,0
1415233593.21242,pg_catalog,pg_amproc,158,316,55590,82788,0,0,0,0,0,0,133,54318,111,123954,,,,
1415233593.21242,pg_catalog,pg_collation,0,0,0,0,0,0,0,0,0,0,0,0,0,0,,,,
1415233593.21242,pg_catalog,pg_constraint,0,0,87,40,47,0,40,0,9,40,26,245,48,455,0,0,0,0
1415233593.21242,pg_catalog,pg_range,0,0,2945,0,0,0,0,0,0,0,0,0,433,5457,,,,
1415233593.21242,pg_toast,pg_toast_11600,0,0,0,0,0,0,0,0,0,0,0,0,0,0,,,,
1415233593.21242,pg_toast,pg_toast_11590,0,0,0,0,0,0,0,0,0,0,0,0,0,0,,,,
1415233593.21242,information_schema,sql_implementation_info,0,0,,,0,0,0,0,0,0,0,0,,,0,0,0,0
1415233593.21242,pg_catalog,pg_user_mapping,0,0,0,0,0,0,0,0,0,0,0,0,0,0,,,,
1415233593.21242,pg_catalog,pg_largeobject,0,0,0,0,0,0,0,0,0,0,0,0,0,0,,,,
1415233593.21242,pg_catalog,pg_namespace,868,13780,59990,47442,16,0,0,0,16,0,66,48285,938,73270,,,,
1415233593.21242,information_schema,sql_parts,0,0,,,0,0,0,0,0,0,0,0,,,0,0,0,0
1415233593.21242,pg_catalog,pg_authid,380,380,25245,25245,0,0,0,0,0,0,42,25583,174,50316,,,,
1415233593.21242,pg_catalog,pg_index,1913,185783,126200,182981,265,0,245,0,130,53,604,164868,241,146325,,,,
1415233593.21242,pg_catalog,pg_ts_dict,0,0,0,0,0,0,0,0,0,0,0,0,0,0,,,,
1415233593.21242,pg_catalog,pg_class,4690,1014662,331148,307854,640,210,610,202,318,0,1377,347474,504,643170,,,,
1415233593.21242,pg_toast,pg_toast_2396,0,0,0,0,0,0,0,0,0,0,0,0,0,0,,,,
1415233593.21242,pg_catalog,pg_enum,0,0,0,0,0,0,0,0,0,0,0,0,0,0,,,,
1415233593.21242,pg_catalog,pg_db_role_setting,0,0,39714,0,0,0,0,0,0,0,0,0,38,39676,0,0,0,0
1415233593.21242,pg_catalog,pg_seclabel,0,0,1585,0,0,0,0,0,0,0,0,0,149,1436,0,0,0,0
1415233593.21242,public,region,2,10,0,0,5,0,0,0,5,0,1,3,0,0,,,,
1415233593.21242,pg_toast,pg_toast_2609,0,0,0,0,0,0,0,0,0,0,0,0,0,0,,,,
1415233593.21242,pg_toast,pg_toast_1255,0,0,0,0,0,0,0,0,0,0,0,0,0,0,,,,
1415233593.21242,pg_catalog,pg_rewrite,0,0,3644,3014,210,0,210,0,111,1,1824,2822,765,5443,1089,1311,386,1694
1415233593.21242,pg_catalog,pg_ts_config,0,0,0,0,0,0,0,0,0,0,0,0,0,0,,,,
1415233593.21242,pg_catalog,pg_extension,0,0,0,0,0,0,0,0,0,0,0,0,0,0,,,,
1415233593.21242,pg_catalog,pg_amop,0,0,111868,162773,0,0,0,0,0,0,202,162571,665,238264,,,,
1415233593.21242,pg_catalog,pg_cast,0,0,404162,100161,0,0,0,0,0,0,149,100012,84,416284,,,,
1415233593.21242,public,supplier,4,400000,0,0,100000,0,0,0,100000,0,2312,15648,0,0,,,,
1415233593.21242,pg_toast,pg_toast_2619,0,0,51290,170992,1790,0,1641,0,165,6,13217,68414,165,59817,,,,
1415233593.21242,pg_toast,pg_toast_11610,0,0,0,0,0,0,0,0,0,0,0,0,0,0,,,,
1415233593.21242,pg_toast,pg_toast_2604,0,0,0,0,0,0,0,0,0,0,0,0,0,0,,,,
1415233653.22018,public,partsupp,3,24000000,0,0,8000000,0,0,0,8000000,0,340611,954509,0,0,,,,
1415233653.22018,public,lineitem,0,0,,,0,0,0,0,0,0,0,0,,,,,,
1415233653.22018,pg_catalog,pg_auth_members,0,0,0,0,0,0,0,0,0,0,0,0,0,0,,,,
1415233653.22018,pg_catalog,pg_operator,0,0,96803,485002,0,0,0,0,0,0,1099,341900,954,211478,,,,
1415233653.22018,public,time_statistics,0,0,,,1,0,0,0,1,0,1,0,,,,,,
1415233653.22018,public,orders,4,60000000,0,0,15000000,0,0,0,15000000,0,504554,1558780,0,0,,,,
1415233653.22018,pg_catalog,pg_aggregate,0,0,6637,6637,0,0,0,0,0,0,162,6475,424,11170,,,,
1415233653.22018,pg_catalog,pg_pltemplate,0,0,0,0,0,0,0,0,0,0,0,0,0,0,,,,
1415233653.22018,pg_toast,pg_toast_11615,0,0,0,0,0,0,0,0,0,0,0,0,0,0,,,,
1415233653.22018,pg_catalog,pg_description,0,0,1585,0,0,0,0,0,0,0,0,0,473,3062,0,0,0,0
1415233653.22018,pg_catalog,pg_language,0,0,0,0,0,0,0,0,0,0,0,0,0,0,,,,
1415233653.22018,pg_catalog,pg_ts_parser,0,0,0,0,0,0,0,0,0,0,0,0,0,0,,,,
1415233653.22018,pg_catalog,pg_shseclabel,0,0,0,0,0,0,0,0,0,0,0,0,0,0,,,,
1415233653.22018,pg_catalog,pg_foreign_table,0,0,0,0,0,0,0,0,0,0,0,0,0,0,,,,
1415233653.22018,pg_toast,pg_toast_11620,0,0,0,0,0,0,0,0,0,0,0,0,0,0,,,,
1415233653.22018,pg_catalog,pg_attrdef,0,0,0,0,0,0,0,0,0,0,0,0,0,0,0,0,0,0
1415233653.22018,pg_catalog,pg_ts_template,0,0,0,0,0,0,0,0,0,0,0,0,0,0,,,,
1415233653.22018,pg_catalog,pg_foreign_server,0,0,0,0,0,0,0,0,0,0,0,0,0,0,,,,
1415233653.22018,pg_catalog,pg_default_acl,0,0,1500,0,0,0,0,0,0,0,0,0,153,1347,,,,
1415233653.22018,public,nation,2,50,0,0,25,0,0,0,25,0,1,3,0,0,,,,
1415233653.22018,pg_toast,pg_toast_11595,0,0,0,0,0,0,0,0,0,0,0,0,0,0,,,,
1415233653.22018,information_schema,sql_packages,0,0,,,0,0,0,0,0,0,0,0,,,0,0,0,0
1415233653.22018,pg_catalog,pg_attribute,869,5767,258831,572391,2314,58,2150,44,2411,486,5033,278183,1386,539823,,,,
1415233653.22018,pg_catalog,pg_statistic,0,0,70913,68004,482,1482,435,1157,496,7,4816,67538,542,152295,13217,68525,165,59912
1415233653.22018,pg_toast,pg_toast_2618,0,0,1380,4477,0,0,0,0,0,0,1089,1318,386,1700,,,,
1415233653.22018,pg_toast,pg_toast_3596,0,0,0,0,0,0,0,0,0,0,0,0,0,0,,,,
1415233653.22018,information_schema,sql_features,0,0,,,0,0,0,0,0,0,0,0,,,0,0,0,0
1415233653.22018,pg_catalog,pg_depend,0,0,15263,16382,2829,0,2760,0,6273,257,2427,18889,3901,39520,,,,
1415233653.22018,public,part,6,12000000,0,0,2000000,0,0,0,2000000,0,79007,327715,0,0,,,,
1415233653.22018,pg_toast,pg_toast_11605,0,0,0,0,0,0,0,0,0,0,0,0,0,0,,,,
1415233653.22018,pg_catalog,pg_opclass,158,158,75622,812058,0,0,0,0,0,0,93,290296,362,93579,,,,
1415233653.22018,pg_catalog,pg_proc,0,0,114397,169313,0,0,0,0,0,0,7520,119333,2697,252757,0,0,0,0
1415233653.22018,pg_catalog,pg_trigger,0,0,0,0,0,0,0,0,0,0,0,0,0,0,0,0,0,0
1415233653.22018,information_schema,sql_languages,0,0,,,0,0,0,0,0,0,0,0,,,0,0,0,0
1415233653.22018,pg_catalog,pg_am,13155,13155,0,0,0,0,0,0,0,0,37,13118,0,0,,,,
1415233653.22018,pg_catalog,pg_largeobject_metadata,0,0,0,0,0,0,0,0,0,0,0,0,0,0,,,,
1415233653.22018,pg_catalog,pg_ts_config_map,0,0,0,0,0,0,0,0,0,0,0,0,0,0,,,,
1415233653.22018,pg_catalog,pg_type,0,0,289330,286520,744,0,725,0,349,115,1155,288442,1831,575331,,,,
1415233653.22018,information_schema,sql_sizing_profiles,0,0,,,0,0,0,0,0,0,0,0,,,0,0,0,0
1415233653.22018,pg_catalog,pg_shdepend,0,0,1978,392,0,0,0,0,0,0,172,220,674,2046,,,,
1415233653.22018,pg_catalog,pg_conversion,0,0,0,0,0,0,0,0,0,0,0,0,0,0,,,,
1415233653.22018,pg_catalog,pg_foreign_data_wrapper,0,0,0,0,0,0,0,0,0,0,0,0,0,0,,,,
1415233653.22018,pg_catalog,pg_opfamily,0,0,0,0,0,0,0,0,0,0,0,0,0,0,,,,
1415233653.22018,pg_catalog,pg_shdescription,0,0,0,0,0,0,0,0,0,0,0,0,0,0,0,0,0,0
1415233653.22018,pg_catalog,pg_tablespace,2,4,9183,9183,0,0,0,0,0,0,55,9130,110,18256,,,,
1415233653.22018,pg_catalog,pg_inherits,0,0,365,0,0,0,0,0,0,0,0,0,175,190,,,,
1415233653.22018,pg_toast,pg_toast_2606,0,0,0,0,0,0,0,0,0,0,0,0,0,0,,,,
1415233653.22018,pg_toast,pg_toast_2964,0,0,0,0,0,0,0,0,0,0,0,0,0,0,,,,
1415233653.22018,pg_catalog,pg_database,1037,4013,45956,45954,1,0,0,0,1,0,11,46981,147,72277,,,,
1415233653.22018,pg_toast,pg_toast_2620,0,0,0,0,0,0,0,0,0,0,0,0,0,0,,,,
1415233653.22018,public,customer,6,9000000,0,0,1500000,0,0,0,1500000,0,68533,294857,0,0,,,,
1415233653.22018,information_schema,sql_sizing,0,0,,,0,0,0,0,0,0,0,0,,,0,0,0,0
1415233653.22018,pg_catalog,pg_amproc,158,316,55627,82831,0,0,0,0,0,0,133,54350,111,124033,,,,
1415233653.22018,pg_catalog,pg_collation,0,0,0,0,0,0,0,0,0,0,0,0,0,0,,,,
1415233653.22018,pg_catalog,pg_constraint,0,0,87,40,47,0,40,0,9,40,26,245,48,455,0,0,0,0
1415233653.22018,pg_catalog,pg_range,0,0,2945,0,0,0,0,0,0,0,0,0,433,5457,,,,
1415233653.22018,pg_toast,pg_toast_11600,0,0,0,0,0,0,0,0,0,0,0,0,0,0,,,,
1415233653.22018,pg_toast,pg_toast_11590,0,0,0,0,0,0,0,0,0,0,0,0,0,0,,,,
1415233653.22018,information_schema,sql_implementation_info,0,0,,,0,0,0,0,0,0,0,0,,,0,0,0,0
1415233653.22018,pg_catalog,pg_user_mapping,0,0,0,0,0,0,0,0,0,0,0,0,0,0,,,,
1415233653.22018,pg_catalog,pg_largeobject,0,0,0,0,0,0,0,0,0,0,0,0,0,0,,,,
1415233653.22018,pg_catalog,pg_namespace,870,13824,60140,47585,16,0,0,0,16,0,66,48430,938,73429,,,,
1415233653.22018,information_schema,sql_parts,0,0,,,0,0,0,0,0,0,0,0,,,0,0,0,0
1415233653.22018,pg_catalog,pg_authid,381,381,25254,25254,0,0,0,0,0,0,42,25593,174,50334,,,,
1415233653.22018,pg_catalog,pg_index,1917,186303,126255,183053,265,0,245,0,130,53,604,164953,241,146393,,,,
1415233653.22018,pg_catalog,pg_ts_dict,0,0,0,0,0,0,0,0,0,0,0,0,0,0,,,,
1415233653.22018,pg_catalog,pg_class,4701,1017607,331504,308208,640,210,610,202,318,0,1377,347931,504,643895,,,,
1415233653.22018,pg_toast,pg_toast_2396,0,0,0,0,0,0,0,0,0,0,0,0,0,0,,,,
1415233653.22018,pg_catalog,pg_enum,0,0,0,0,0,0,0,0,0,0,0,0,0,0,,,,
1415233653.22018,pg_catalog,pg_db_role_setting,0,0,39732,0,0,0,0,0,0,0,0,0,38,39694,0,0,0,0
1415233653.22018,pg_catalog,pg_seclabel,0,0,1585,0,0,0,0,0,0,0,0,0,149,1436,0,0,0,0
1415233653.22018,public,region,2,10,0,0,5,0,0,0,5,0,1,3,0,0,,,,
1415233653.22018,pg_toast,pg_toast_2609,0,0,0,0,0,0,0,0,0,0,0,0,0,0,,,,
1415233653.22018,pg_toast,pg_toast_1255,0,0,0,0,0,0,0,0,0,0,0,0,0,0,,,,
1415233653.22018,pg_catalog,pg_rewrite,0,0,3651,3021,210,0,210,0,111,1,1824,2829,765,5455,1089,1318,386,1700
1415233653.22018,pg_catalog,pg_ts_config,0,0,0,0,0,0,0,0,0,0,0,0,0,0,,,,
1415233653.22018,pg_catalog,pg_extension,0,0,0,0,0,0,0,0,0,0,0,0,0,0,,,,
1415233653.22018,pg_catalog,pg_amop,0,0,111949,162864,0,0,0,0,0,0,202,162662,665,238440,,,,
1415233653.22018,pg_catalog,pg_cast,0,0,404400,100221,0,0,0,0,0,0,149,100072,84,416530,,,,
1415233653.22018,public,supplier,4,400000,0,0,100000,0,0,0,100000,0,2312,15648,0,0,,,,
1415233653.22018,pg_toast,pg_toast_2619,0,0,51315,171006,1854,0,1645,0,225,10,13217,68525,165,59912,,,,
1415233653.22018,pg_toast,pg_toast_11610,0,0,0,0,0,0,0,0,0,0,0,0,0,0,,,,
1415233653.22018,pg_toast,pg_toast_2604,0,0,0,0,0,0,0,0,0,0,0,0,0,0,,,,
1415233713.22248,public,partsupp,3,24000000,0,0,8000000,0,0,0,8000000,0,340611,954509,0,0,,,,
1415233713.22248,public,lineitem,0,0,,,0,0,0,0,0,0,0,0,,,,,,
1415233713.22248,pg_catalog,pg_auth_members,0,0,0,0,0,0,0,0,0,0,0,0,0,0,,,,
1415233713.22248,pg_catalog,pg_operator,0,0,96820,485019,0,0,0,0,0,0,1099,341917,954,211520,,,,
1415233713.22248,public,time_statistics,0,0,,,1,0,0,0,1,0,1,0,,,,,,
1415233713.22248,public,orders,4,60000000,0,0,15000000,0,0,0,15000000,0,504554,1558780,0,0,,,,
1415233713.22248,pg_catalog,pg_aggregate,0,0,6638,6638,0,0,0,0,0,0,162,6476,424,11172,,,,
1415233713.22248,pg_catalog,pg_pltemplate,0,0,0,0,0,0,0,0,0,0,0,0,0,0,,,,
1415233713.22248,pg_toast,pg_toast_11615,0,0,0,0,0,0,0,0,0,0,0,0,0,0,,,,
1415233713.22248,pg_catalog,pg_description,0,0,1585,0,0,0,0,0,0,0,0,0,473,3062,0,0,0,0
1415233713.22248,pg_catalog,pg_language,0,0,0,0,0,0,0,0,0,0,0,0,0,0,,,,
1415233713.22248,pg_catalog,pg_ts_parser,0,0,0,0,0,0,0,0,0,0,0,0,0,0,,,,
1415233713.22248,pg_catalog,pg_shseclabel,0,0,0,0,0,0,0,0,0,0,0,0,0,0,,,,
1415233713.22248,pg_catalog,pg_foreign_table,0,0,0,0,0,0,0,0,0,0,0,0,0,0,,,,
1415233713.22248,pg_toast,pg_toast_11620,0,0,0,0,0,0,0,0,0,0,0,0,0,0,,,,
1415233713.22248,pg_catalog,pg_attrdef,0,0,0,0,0,0,0,0,0,0,0,0,0,0,0,0,0,0
1415233713.22248,pg_catalog,pg_ts_template,0,0,0,0,0,0,0,0,0,0,0,0,0,0,,,,
1415233713.22248,pg_catalog,pg_foreign_server,0,0,0,0,0,0,0,0,0,0,0,0,0,0,,,,
1415233713.22248,pg_catalog,pg_default_acl,0,0,1500,0,0,0,0,0,0,0,0,0,153,1347,,,,
1415233713.22248,public,nation,2,50,0,0,25,0,0,0,25,0,1,3,0,0,,,,
1415233713.22248,pg_toast,pg_toast_11595,0,0,0,0,0,0,0,0,0,0,0,0,0,0,,,,
1415233713.22248,information_schema,sql_packages,0,0,,,0,0,0,0,0,0,0,0,,,0,0,0,0
1415233713.22248,pg_catalog,pg_attribute,869,5767,259024,572710,2314,58,2150,44,2411,486,5033,278377,1386,540216,,,,
1415233713.22248,pg_catalog,pg_statistic,0,0,70938,68023,482,1482,435,1157,496,7,4816,67557,542,152350,13217,68528,165,59918
1415233713.22248,pg_toast,pg_toast_2618,0,0,1384,4490,0,0,0,0,0,0,1089,1325,386,1706,,,,
1415233713.22248,pg_toast,pg_toast_3596,0,0,0,0,0,0,0,0,0,0,0,0,0,0,,,,
1415233713.22248,information_schema,sql_features,0,0,,,0,0,0,0,0,0,0,0,,,0,0,0,0
1415233713.22248,pg_catalog,pg_depend,0,0,15263,16382,2829,0,2760,0,6273,257,2427,18889,3901,39520,,,,
1415233713.22248,public,part,6,12000000,0,0,2000000,0,0,0,2000000,0,79007,327715,0,0,,,,
1415233713.22248,pg_toast,pg_toast_11605,0,0,0,0,0,0,0,0,0,0,0,0,0,0,,,,
1415233713.22248,pg_catalog,pg_opclass,158,158,75640,812232,0,0,0,0,0,0,93,290353,362,93607,,,,
1415233713.22248,pg_catalog,pg_proc,0,0,114473,169424,0,0,0,0,0,0,7520,119424,2697,252924,0,0,0,0
1415233713.22248,pg_catalog,pg_trigger,0,0,0,0,0,0,0,0,0,0,0,0,0,0,0,0,0,0
1415233713.22248,information_schema,sql_languages,0,0,,,0,0,0,0,0,0,0,0,,,0,0,0,0
1415233713.22248,pg_catalog,pg_am,13162,13162,0,0,0,0,0,0,0,0,37,13125,0,0,,,,
1415233713.22248,pg_catalog,pg_largeobject_metadata,0,0,0,0,0,0,0,0,0,0,0,0,0,0,,,,
1415233713.22248,pg_catalog,pg_ts_config_map,0,0,0,0,0,0,0,0,0,0,0,0,0,0,,,,
1415233713.22248,pg_catalog,pg_type,0,0,289420,286610,744,0,725,0,349,115,1155,288532,1831,575516,,,,
1415233713.22248,information_schema,sql_sizing_profiles,0,0,,,0,0,0,0,0,0,0,0,,,0,0,0,0
1415233713.22248,pg_catalog,pg_shdepend,0,0,1978,392,0,0,0,0,0,0,172,220,674,2046,,,,
1415233713.22248,pg_catalog,pg_conversion,0,0,0,0,0,0,0,0,0,0,0,0,0,0,,,,
1415233713.22248,pg_catalog,pg_foreign_data_wrapper,0,0,0,0,0,0,0,0,0,0,0,0,0,0,,,,
1415233713.22248,pg_catalog,pg_opfamily,0,0,0,0,0,0,0,0,0,0,0,0,0,0,,,,
1415233713.22248,pg_catalog,pg_shdescription,0,0,0,0,0,0,0,0,0,0,0,0,0,0,0,0,0,0
1415233713.22248,pg_catalog,pg_tablespace,2,4,9188,9188,0,0,0,0,0,0,55,9135,110,18266,,,,
1415233713.22248,pg_catalog,pg_inherits,0,0,365,0,0,0,0,0,0,0,0,0,175,190,,,,
1415233713.22248,pg_toast,pg_toast_2606,0,0,0,0,0,0,0,0,0,0,0,0,0,0,,,,
1415233713.22248,pg_toast,pg_toast_2964,0,0,0,0,0,0,0,0,0,0,0,0,0,0,,,,
1415233713.22248,pg_catalog,pg_database,1040,4025,45987,45985,1,0,0,0,1,0,11,47015,147,72324,,,,
1415233713.22248,pg_toast,pg_toast_2620,0,0,0,0,0,0,0,0,0,0,0,0,0,0,,,,
1415233713.22248,public,customer,6,9000000,0,0,1500000,0,0,0,1500000,0,68533,294857,0,0,,,,
1415233713.22248,information_schema,sql_sizing,0,0,,,0,0,0,0,0,0,0,0,,,0,0,0,0
1415233713.22248,pg_catalog,pg_amproc,158,316,55644,82858,0,0,0,0,0,0,133,54367,111,124074,,,,
1415233713.22248,pg_catalog,pg_collation,0,0,0,0,0,0,0,0,0,0,0,0,0,0,,,,
1415233713.22248,pg_catalog,pg_constraint,0,0,87,40,47,0,40,0,9,40,26,245,48,455,0,0,0,0
1415233713.22248,pg_catalog,pg_range,0,0,2945,0,0,0,0,0,0,0,0,0,433,5457,,,,
1415233713.22248,pg_toast,pg_toast_11600,0,0,0,0,0,0,0,0,0,0,0,0,0,0,,,,
1415233713.22248,pg_toast,pg_toast_11590,0,0,0,0,0,0,0,0,0,0,0,0,0,0,,,,
1415233713.22248,information_schema,sql_implementation_info,0,0,,,0,0,0,0,0,0,0,0,,,0,0,0,0
1415233713.22248,pg_catalog,pg_user_mapping,0,0,0,0,0,0,0,0,0,0,0,0,0,0,,,,
1415233713.22248,pg_catalog,pg_largeobject,0,0,0,0,0,0,0,0,0,0,0,0,0,0,,,,
1415233713.22248,pg_catalog,pg_namespace,872,13868,60285,47725,16,0,0,0,16,0,66,48572,938,73580,,,,
1415233713.22248,information_schema,sql_parts,0,0,,,0,0,0,0,0,0,0,0,,,0,0,0,0
1415233713.22248,pg_catalog,pg_authid,382,382,25266,25266,0,0,0,0,0,0,42,25606,174,50358,,,,
1415233713.22248,pg_catalog,pg_index,1921,186823,126290,183098,265,0,245,0,130,53,604,165012,241,146440,,,,
1415233713.22248,pg_catalog,pg_ts_dict,0,0,0,0,0,0,0,0,0,0,0,0,0,0,,,,
1415233713.22248,pg_catalog,pg_class,4712,1020552,331825,308529,640,210,610,202,318,0,1377,348352,504,644550,,,,
1415233713.22248,pg_toast,pg_toast_2396,0,0,0,0,0,0,0,0,0,0,0,0,0,0,,,,
1415233713.22248,pg_catalog,pg_enum,0,0,0,0,0,0,0,0,0,0,0,0,0,0,,,,
1415233713.22248,pg_catalog,pg_db_role_setting,0,0,39756,0,0,0,0,0,0,0,0,0,38,39718,0,0,0,0
1415233713.22248,pg_catalog,pg_seclabel,0,0,1585,0,0,0,0,0,0,0,0,0,149,1436,0,0,0,0
1415233713.22248,public,region,2,10,0,0,5,0,0,0,5,0,1,3,0,0,,,,
1415233713.22248,pg_toast,pg_toast_2609,0,0,0,0,0,0,0,0,0,0,0,0,0,0,,,,
1415233713.22248,pg_toast,pg_toast_1255,0,0,0,0,0,0,0,0,0,0,0,0,0,0,,,,
1415233713.22248,pg_catalog,pg_rewrite,0,0,3658,3028,210,0,210,0,111,1,1824,2836,765,5467,1089,1325,386,1706
1415233713.22248,pg_catalog,pg_ts_config,0,0,0,0,0,0,0,0,0,0,0,0,0,0,,,,
1415233713.22248,pg_catalog,pg_extension,0,0,0,0,0,0,0,0,0,0,0,0,0,0,,,,
1415233713.22248,pg_catalog,pg_amop,0,0,111982,162905,0,0,0,0,0,0,202,162703,665,238514,,,,
1415233713.22248,pg_catalog,pg_cast,0,0,404468,100249,0,0,0,0,0,0,149,100100,84,416603,,,,
1415233713.22248,public,supplier,4,400000,0,0,100000,0,0,0,100000,0,2312,15648,0,0,,,,
1415233713.22248,pg_toast,pg_toast_2619,0,0,51318,171012,1854,0,1645,0,225,10,13217,68528,165,59918,,,,
1415233713.22248,pg_toast,pg_toast_11610,0,0,0,0,0,0,0,0,0,0,0,0,0,0,,,,
1415233713.22248,pg_toast,pg_toast_2604,0,0,0,0,0,0,0,0,0,0,0,0,0,0,,,,
1415233773.22399,public,partsupp,3,24000000,0,0,8000000,0,0,0,8000000,0,340611,954509,0,0,,,,
1415233773.22399,public,lineitem,0,0,,,0,0,0,0,0,0,0,0,,,,,,
1415233773.22399,pg_catalog,pg_auth_members,0,0,0,0,0,0,0,0,0,0,0,0,0,0,,,,
1415233773.22399,pg_catalog,pg_operator,0,0,96837,485036,0,0,0,0,0,0,1099,341934,954,211562,,,,
1415233773.22399,public,time_statistics,0,0,,,1,0,0,0,1,0,1,0,,,,,,
1415233773.22399,public,orders,4,60000000,0,0,15000000,0,0,0,15000000,0,504554,1558780,0,0,,,,
1415233773.22399,pg_catalog,pg_aggregate,0,0,6639,6639,0,0,0,0,0,0,162,6477,424,11174,,,,
1415233773.22399,pg_catalog,pg_pltemplate,0,0,0,0,0,0,0,0,0,0,0,0,0,0,,,,
1415233773.22399,pg_toast,pg_toast_11615,0,0,0,0,0,0,0,0,0,0,0,0,0,0,,,,
1415233773.22399,pg_catalog,pg_description,0,0,1585,0,0,0,0,0,0,0,0,0,473,3062,0,0,0,0
1415233773.22399,pg_catalog,pg_language,0,0,0,0,0,0,0,0,0,0,0,0,0,0,,,,
1415233773.22399,pg_catalog,pg_ts_parser,0,0,0,0,0,0,0,0,0,0,0,0,0,0,,,,
1415233773.22399,pg_catalog,pg_shseclabel,0,0,0,0,0,0,0,0,0,0,0,0,0,0,,,,
1415233773.22399,pg_catalog,pg_foreign_table,0,0,0,0,0,0,0,0,0,0,0,0,0,0,,,,
1415233773.22399,pg_toast,pg_toast_11620,0,0,0,0,0,0,0,0,0,0,0,0,0,0,,,,
1415233773.22399,pg_catalog,pg_attrdef,0,0,0,0,0,0,0,0,0,0,0,0,0,0,0,0,0,0
1415233773.22399,pg_catalog,pg_ts_template,0,0,0,0,0,0,0,0,0,0,0,0,0,0,,,,
1415233773.22399,pg_catalog,pg_foreign_server,0,0,0,0,0,0,0,0,0,0,0,0,0,0,,,,
1415233773.22399,pg_catalog,pg_default_acl,0,0,1500,0,0,0,0,0,0,0,0,0,153,1347,,,,
1415233773.22399,public,nation,2,50,0,0,25,0,0,0,25,0,1,3,0,0,,,,
1415233773.22399,pg_toast,pg_toast_11595,0,0,0,0,0,0,0,0,0,0,0,0,0,0,,,,
1415233773.22399,information_schema,sql_packages,0,0,,,0,0,0,0,0,0,0,0,,,0,0,0,0
1415233773.22399,pg_catalog,pg_attribute,869,5767,259215,573024,2314,58,2150,44,2411,486,5033,278569,1386,540604,,,,
1415233773.22399,pg_catalog,pg_statistic,0,0,70963,68042,482,1482,435,1157,496,7,4816,67576,542,152405,13217,68531,165,59924
1415233773.22399,pg_toast,pg_toast_2618,0,0,1388,4503,0,0,0,0,0,0,1089,1332,386,1712,,,,
1415233773.22399,pg_toast,pg_toast_3596,0,0,0,0,0,0,0,0,0,0,0,0,0,0,,,,
1415233773.22399,information_schema,sql_features,0,0,,,0,0,0,0,0,0,0,0,,,0,0,0,0
1415233773.22399,pg_catalog,pg_depend,0,0,15263,16382,2829,0,2760,0,6273,257,2427,18889,3901,39520,,,,
1415233773.22399,public,part,6,12000000,0,0,2000000,0,0,0,2000000,0,79007,327715,0,0,,,,
1415233773.22399,pg_toast,pg_toast_11605,0,0,0,0,0,0,0,0,0,0,0,0,0,0,,,,
1415233773.22399,pg_catalog,pg_opclass,158,158,75657,812405,0,0,0,0,0,0,93,290409,362,93633,,,,
1415233773.22399,pg_catalog,pg_proc,0,0,114549,169535,0,0,0,0,0,0,7520,119515,2697,253091,0,0,0,0
1415233773.22399,pg_catalog,pg_trigger,0,0,0,0,0,0,0,0,0,0,0,0,0,0,0,0,0,0
1415233773.22399,information_schema,sql_languages,0,0,,,0,0,0,0,0,0,0,0,,,0,0,0,0
1415233773.22399,pg_catalog,pg_am,13168,13168,0,0,0,0,0,0,0,0,37,13131,0,0,,,,
1415233773.22399,pg_catalog,pg_largeobject_metadata,0,0,0,0,0,0,0,0,0,0,0,0,0,0,,,,
1415233773.22399,pg_catalog,pg_ts_config_map,0,0,0,0,0,0,0,0,0,0,0,0,0,0,,,,
1415233773.22399,pg_catalog,pg_type,0,0,289510,286700,744,0,725,0,349,115,1155,288622,1831,575701,,,,
1415233773.22399,information_schema,sql_sizing_profiles,0,0,,,0,0,0,0,0,0,0,0,,,0,0,0,0
1415233773.22399,pg_catalog,pg_shdepend,0,0,1978,392,0,0,0,0,0,0,172,220,674,2046,,,,
1415233773.22399,pg_catalog,pg_conversion,0,0,0,0,0,0,0,0,0,0,0,0,0,0,,,,
1415233773.22399,pg_catalog,pg_foreign_data_wrapper,0,0,0,0,0,0,0,0,0,0,0,0,0,0,,,,
1415233773.22399,pg_catalog,pg_opfamily,0,0,0,0,0,0,0,0,0,0,0,0,0,0,,,,
1415233773.22399,pg_catalog,pg_shdescription,0,0,0,0,0,0,0,0,0,0,0,0,0,0,0,0,0,0
1415233773.22399,pg_catalog,pg_tablespace,2,4,9193,9193,0,0,0,0,0,0,55,9140,110,18276,,,,
1415233773.22399,pg_catalog,pg_inherits,0,0,365,0,0,0,0,0,0,0,0,0,175,190,,,,
1415233773.22399,pg_toast,pg_toast_2606,0,0,0,0,0,0,0,0,0,0,0,0,0,0,,,,
1415233773.22399,pg_toast,pg_toast_2964,0,0,0,0,0,0,0,0,0,0,0,0,0,0,,,,
1415233773.22399,pg_catalog,pg_database,1043,4037,46016,46014,1,0,0,0,1,0,11,47047,147,72367,,,,
1415233773.22399,pg_toast,pg_toast_2620,0,0,0,0,0,0,0,0,0,0,0,0,0,0,,,,
1415233773.22399,public,customer,6,9000000,0,0,1500000,0,0,0,1500000,0,68533,294857,0,0,,,,
1415233773.22399,information_schema,sql_sizing,0,0,,,0,0,0,0,0,0,0,0,,,0,0,0,0
1415233773.22399,pg_catalog,pg_amproc,158,316,55660,82883,0,0,0,0,0,0,133,54383,111,124112,,,,
1415233773.22399,pg_catalog,pg_collation,0,0,0,0,0,0,0,0,0,0,0,0,0,0,,,,
1415233773.22399,pg_catalog,pg_constraint,0,0,87,40,47,0,40,0,9,40,26,245,48,455,0,0,0,0
1415233773.22399,pg_catalog,pg_range,0,0,2945,0,0,0,0,0,0,0,0,0,433,5457,,,,
1415233773.22399,pg_toast,pg_toast_11600,0,0,0,0,0,0,0,0,0,0,0,0,0,0,,,,
1415233773.22399,pg_toast,pg_toast_11590,0,0,0,0,0,0,0,0,0,0,0,0,0,0,,,,
1415233773.22399,information_schema,sql_implementation_info,0,0,,,0,0,0,0,0,0,0,0,,,0,0,0,0
1415233773.22399,pg_catalog,pg_user_mapping,0,0,0,0,0,0,0,0,0,0,0,0,0,0,,,,
1415233773.22399,pg_catalog,pg_largeobject,0,0,0,0,0,0,0,0,0,0,0,0,0,0,,,,
1415233773.22399,pg_catalog,pg_namespace,874,13912,60430,47865,16,0,0,0,16,0,66,48714,938,73731,,,,
1415233773.22399,information_schema,sql_parts,0,0,,,0,0,0,0,0,0,0,0,,,0,0,0,0
1415233773.22399,pg_catalog,pg_authid,383,383,25276,25276,0,0,0,0,0,0,42,25617,174,50378,,,,
1415233773.22399,pg_catalog,pg_index,1925,187343,126324,183142,265,0,245,0,130,53,604,165070,241,146485,,,,
1415233773.22399,pg_catalog,pg_ts_dict,0,0,0,0,0,0,0,0,0,0,0,0,0,0,,,,
1415233773.22399,pg_catalog,pg_class,4723,1023497,332144,308848,640,210,610,202,318,0,1377,348771,504,645200,,,,
1415233773.22399,pg_toast,pg_toast_2396,0,0,0,0,0,0,0,0,0,0,0,0,0,0,,,,
1415233773.22399,pg_catalog,pg_enum,0,0,0,0,0,0,0,0,0,0,0,0,0,0,,,,
1415233773.22399,pg_catalog,pg_db_role_setting,0,0,39777,0,0,0,0,0,0,0,0,0,38,39739,0,0,0,0
1415233773.22399,pg_catalog,pg_seclabel,0,0,1585,0,0,0,0,0,0,0,0,0,149,1436,0,0,0,0
1415233773.22399,public,region,2,10,0,0,5,0,0,0,5,0,1,3,0,0,,,,
1415233773.22399,pg_toast,pg_toast_2609,0,0,0,0,0,0,0,0,0,0,0,0,0,0,,,,
1415233773.22399,pg_toast,pg_toast_1255,0,0,0,0,0,0,0,0,0,0,0,0,0,0,,,,
1415233773.22399,pg_catalog,pg_rewrite,0,0,3665,3035,210,0,210,0,111,1,1824,2843,765,5479,1089,1332,386,1712
1415233773.22399,pg_catalog,pg_ts_config,0,0,0,0,0,0,0,0,0,0,0,0,0,0,,,,
1415233773.22399,pg_catalog,pg_extension,0,0,0,0,0,0,0,0,0,0,0,0,0,0,,,,
1415233773.22399,pg_catalog,pg_amop,0,0,112015,162946,0,0,0,0,0,0,202,162744,665,238588,,,,
1415233773.22399,pg_catalog,pg_cast,0,0,404536,100277,0,0,0,0,0,0,149,100128,84,416676,,,,
1415233773.22399,public,supplier,4,400000,0,0,100000,0,0,0,100000,0,2312,15648,0,0,,,,
1415233773.22399,pg_toast,pg_toast_2619,0,0,51321,171018,1854,0,1645,0,225,10,13217,68531,165,59924,,,,
1415233773.22399,pg_toast,pg_toast_11610,0,0,0,0,0,0,0,0,0,0,0,0,0,0,,,,
1415233773.22399,pg_toast,pg_toast_2604,0,0,0,0,0,0,0,0,0,0,0,0,0,0,,,,
1415233833.23317,public,partsupp,3,24000000,0,0,8000000,0,0,0,8000000,0,340611,954509,0,0,,,,
1415233833.23317,public,lineitem,0,0,,,59986052,0,0,0,59986052,0,1065680,2307885,,,,,,
1415233833.23317,pg_catalog,pg_auth_members,0,0,0,0,0,0,0,0,0,0,0,0,0,0,,,,
1415233833.23317,pg_catalog,pg_operator,0,0,96854,485053,0,0,0,0,0,0,1099,341951,954,211604,,,,
1415233833.23317,public,time_statistics,0,0,,,1,0,0,0,1,0,1,0,,,,,,
1415233833.23317,public,orders,4,60000000,0,0,15000000,0,0,0,15000000,0,504554,1558780,0,0,,,,
1415233833.23317,pg_catalog,pg_aggregate,0,0,6640,6640,0,0,0,0,0,0,162,6478,424,11176,,,,
1415233833.23317,pg_catalog,pg_pltemplate,0,0,0,0,0,0,0,0,0,0,0,0,0,0,,,,
1415233833.23317,pg_toast,pg_toast_11615,0,0,0,0,0,0,0,0,0,0,0,0,0,0,,,,
1415233833.23317,pg_catalog,pg_description,0,0,1585,0,0,0,0,0,0,0,0,0,473,3062,0,0,0,0
1415233833.23317,pg_catalog,pg_language,0,0,0,0,0,0,0,0,0,0,0,0,0,0,,,,
1415233833.23317,pg_catalog,pg_ts_parser,0,0,0,0,0,0,0,0,0,0,0,0,0,0,,,,
1415233833.23317,pg_catalog,pg_shseclabel,0,0,0,0,0,0,0,0,0,0,0,0,0,0,,,,
1415233833.23317,pg_catalog,pg_foreign_table,0,0,0,0,0,0,0,0,0,0,0,0,0,0,,,,
1415233833.23317,pg_toast,pg_toast_11620,0,0,0,0,0,0,0,0,0,0,0,0,0,0,,,,
1415233833.23317,pg_catalog,pg_attrdef,0,0,0,0,0,0,0,0,0,0,0,0,0,0,0,0,0,0
1415233833.23317,pg_catalog,pg_ts_template,0,0,0,0,0,0,0,0,0,0,0,0,0,0,,,,
1415233833.23317,pg_catalog,pg_foreign_server,0,0,0,0,0,0,0,0,0,0,0,0,0,0,,,,
1415233833.23317,pg_catalog,pg_default_acl,0,0,1500,0,0,0,0,0,0,0,0,0,153,1347,,,,
1415233833.23317,public,nation,2,50,0,0,25,0,0,0,25,0,1,3,0,0,,,,
1415233833.23317,pg_toast,pg_toast_11595,0,0,0,0,0,0,0,0,0,0,0,0,0,0,,,,
1415233833.23317,information_schema,sql_packages,0,0,,,0,0,0,0,0,0,0,0,,,0,0,0,0
1415233833.23317,pg_catalog,pg_attribute,869,5767,259423,573394,2314,58,2150,44,2411,486,5033,278778,1386,541034,,,,
1415233833.23317,pg_catalog,pg_statistic,0,0,70988,68061,482,1482,435,1157,496,7,4816,67595,542,152460,13217,68534,165,59930
1415233833.23317,pg_toast,pg_toast_2618,0,0,1392,4516,0,0,0,0,0,0,1089,1339,386,1718,,,,
1415233833.23317,pg_toast,pg_toast_3596,0,0,0,0,0,0,0,0,0,0,0,0,0,0,,,,
1415233833.23317,information_schema,sql_features,0,0,,,0,0,0,0,0,0,0,0,,,0,0,0,0
1415233833.23317,pg_catalog,pg_depend,0,0,15263,16382,2829,0,2760,0,6273,257,2427,18889,3901,39520,,,,
1415233833.23317,public,part,6,12000000,0,0,2000000,0,0,0,2000000,0,79007,327715,0,0,,,,
1415233833.23317,pg_toast,pg_toast_11605,0,0,0,0,0,0,0,0,0,0,0,0,0,0,,,,
1415233833.23317,pg_catalog,pg_opclass,158,158,75682,812586,0,0,0,0,0,0,93,290473,362,93675,,,,
1415233833.23317,pg_catalog,pg_proc,0,0,114625,169646,0,0,0,0,0,0,7520,119606,2697,253258,0,0,0,0
1415233833.23317,pg_catalog,pg_trigger,0,0,0,0,0,0,0,0,0,0,0,0,0,0,0,0,0,0
1415233833.23317,information_schema,sql_languages,0,0,,,0,0,0,0,0,0,0,0,,,0,0,0,0
1415233833.23317,pg_catalog,pg_am,13182,13182,0,0,0,0,0,0,0,0,37,13145,0,0,,,,
1415233833.23317,pg_catalog,pg_largeobject_metadata,0,0,0,0,0,0,0,0,0,0,0,0,0,0,,,,
1415233833.23317,pg_catalog,pg_ts_config_map,0,0,0,0,0,0,0,0,0,0,0,0,0,0,,,,
1415233833.23317,pg_catalog,pg_type,0,0,289605,286795,744,0,725,0,349,115,1155,288717,1831,575897,,,,
1415233833.23317,information_schema,sql_sizing_profiles,0,0,,,0,0,0,0,0,0,0,0,,,0,0,0,0
1415233833.23317,pg_catalog,pg_shdepend,0,0,1978,392,0,0,0,0,0,0,172,220,674,2046,,,,
1415233833.23317,pg_catalog,pg_conversion,0,0,0,0,0,0,0,0,0,0,0,0,0,0,,,,
1415233833.23317,pg_catalog,pg_foreign_data_wrapper,0,0,0,0,0,0,0,0,0,0,0,0,0,0,,,,
1415233833.23317,pg_catalog,pg_opfamily,0,0,0,0,0,0,0,0,0,0,0,0,0,0,,,,
1415233833.23317,pg_catalog,pg_shdescription,0,0,0,0,0,0,0,0,0,0,0,0,0,0,0,0,0,0
1415233833.23317,pg_catalog,pg_tablespace,2,4,9198,9198,0,0,0,0,0,0,55,9145,110,18286,,,,
1415233833.23317,pg_catalog,pg_inherits,0,0,365,0,0,0,0,0,0,0,0,0,175,190,,,,
1415233833.23317,pg_toast,pg_toast_2606,0,0,0,0,0,0,0,0,0,0,0,0,0,0,,,,
1415233833.23317,pg_toast,pg_toast_2964,0,0,0,0,0,0,0,0,0,0,0,0,0,0,,,,
1415233833.23317,pg_catalog,pg_database,1046,4049,46069,46067,1,0,0,0,1,0,11,47103,147,72450,,,,
1415233833.23317,pg_toast,pg_toast_2620,0,0,0,0,0,0,0,0,0,0,0,0,0,0,,,,
1415233833.23317,public,customer,6,9000000,0,0,1500000,0,0,0,1500000,0,68533,294857,0,0,,,,
1415233833.23317,information_schema,sql_sizing,0,0,,,0,0,0,0,0,0,0,0,,,0,0,0,0
1415233833.23317,pg_catalog,pg_amproc,158,316,55684,82924,0,0,0,0,0,0,133,54407,111,124174,,,,
1415233833.23317,pg_catalog,pg_collation,0,0,0,0,0,0,0,0,0,0,0,0,0,0,,,,
1415233833.23317,pg_catalog,pg_constraint,0,0,87,40,47,0,40,0,9,40,26,245,48,455,0,0,0,0
1415233833.23317,pg_catalog,pg_range,0,0,2945,0,0,0,0,0,0,0,0,0,433,5457,,,,
1415233833.23317,pg_toast,pg_toast_11600,0,0,0,0,0,0,0,0,0,0,0,0,0,0,,,,
1415233833.23317,pg_toast,pg_toast_11590,0,0,0,0,0,0,0,0,0,0,0,0,0,0,,,,
1415233833.23317,information_schema,sql_implementation_info,0,0,,,0,0,0,0,0,0,0,0,,,0,0,0,0
1415233833.23317,pg_catalog,pg_user_mapping,0,0,0,0,0,0,0,0,0,0,0,0,0,0,,,,
1415233833.23317,pg_catalog,pg_largeobject,0,0,0,0,0,0,0,0,0,0,0,0,0,0,,,,
1415233833.23317,pg_catalog,pg_namespace,876,13956,60578,48007,16,0,0,0,16,0,66,48858,938,73887,,,,
1415233833.23317,information_schema,sql_parts,0,0,,,0,0,0,0,0,0,0,0,,,0,0,0,0
1415233833.23317,pg_catalog,pg_authid,384,384,25302,25302,0,0,0,0,0,0,42,25644,174,50430,,,,
1415233833.23317,pg_catalog,pg_index,1929,187863,126366,183194,265,0,245,0,130,53,604,165136,241,146546,,,,
1415233833.23317,pg_catalog,pg_ts_dict,0,0,0,0,0,0,0,0,0,0,0,0,0,0,,,,
1415233833.23317,pg_catalog,pg_class,4734,1026442,332484,309187,640,210,610,202,318,0,1377,349210,504,645901,,,,
1415233833.23317,pg_toast,pg_toast_2396,0,0,0,0,0,0,0,0,0,0,0,0,0,0,,,,
1415233833.23317,pg_catalog,pg_enum,0,0,0,0,0,0,0,0,0,0,0,0,0,0,,,,
1415233833.23317,pg_catalog,pg_db_role_setting,0,0,39822,0,0,0,0,0,0,0,0,0,38,39784,0,0,0,0
1415233833.23317,pg_catalog,pg_seclabel,0,0,1585,0,0,0,0,0,0,0,0,0,149,1436,0,0,0,0
1415233833.23317,public,region,2,10,0,0,5,0,0,0,5,0,1,3,0,0,,,,
1415233833.23317,pg_toast,pg_toast_2609,0,0,0,0,0,0,0,0,0,0,0,0,0,0,,,,
1415233833.23317,pg_toast,pg_toast_1255,0,0,0,0,0,0,0,0,0,0,0,0,0,0,,,,
1415233833.23317,pg_catalog,pg_rewrite,0,0,3672,3042,210,0,210,0,111,1,1824,2850,765,5491,1089,1339,386,1718
1415233833.23317,pg_catalog,pg_ts_config,0,0,0,0,0,0,0,0,0,0,0,0,0,0,,,,
1415233833.23317,pg_catalog,pg_extension,0,0,0,0,0,0,0,0,0,0,0,0,0,0,,,,
1415233833.23317,pg_catalog,pg_amop,0,0,112048,162987,0,0,0,0,0,0,202,162785,665,238662,,,,
1415233833.23317,pg_catalog,pg_cast,0,0,404604,100305,0,0,0,0,0,0,149,100156,84,416749,,,,
1415233833.23317,public,supplier,4,400000,0,0,100000,0,0,0,100000,0,2312,15648,0,0,,,,
1415233833.23317,pg_toast,pg_toast_2619,0,0,51324,171024,1854,0,1645,0,225,10,13217,68534,165,59930,,,,
1415233833.23317,pg_toast,pg_toast_11610,0,0,0,0,0,0,0,0,0,0,0,0,0,0,,,,
1415233833.23317,pg_toast,pg_toast_2604,0,0,0,0,0,0,0,0,0,0,0,0,0,0,,,,
1415233893.23019,public,partsupp,3,24000000,0,0,8000000,0,0,0,8000000,0,340611,954509,0,0,,,,
1415233893.23019,public,lineitem,2,119972104,0,0,59986052,0,0,0,59986052,0,2357301,3147098,0,0,,,,
1415233893.23019,pg_catalog,pg_auth_members,0,0,0,0,0,0,0,0,0,0,0,0,0,0,,,,
1415233893.23019,pg_catalog,pg_operator,0,0,96875,485074,0,0,0,0,0,0,1099,341972,954,211658,,,,
1415233893.23019,public,time_statistics,0,0,,,1,0,0,0,1,0,1,0,,,,,,
1415233893.23019,public,orders,4,60000000,0,0,15000000,0,0,0,15000000,0,504554,1558780,0,0,,,,
1415233893.23019,pg_catalog,pg_aggregate,0,0,6641,6641,0,0,0,0,0,0,162,6479,424,11178,,,,
1415233893.23019,pg_catalog,pg_pltemplate,0,0,0,0,0,0,0,0,0,0,0,0,0,0,,,,
1415233893.23019,pg_toast,pg_toast_11615,0,0,0,0,0,0,0,0,0,0,0,0,0,0,,,,
1415233893.23019,pg_catalog,pg_description,0,0,1585,0,0,0,0,0,0,0,0,0,473,3062,0,0,0,0
1415233893.23019,pg_catalog,pg_language,0,0,0,0,0,0,0,0,0,0,0,0,0,0,,,,
1415233893.23019,pg_catalog,pg_ts_parser,0,0,0,0,0,0,0,0,0,0,0,0,0,0,,,,
1415233893.23019,pg_catalog,pg_shseclabel,0,0,0,0,0,0,0,0,0,0,0,0,0,0,,,,
1415233893.23019,pg_catalog,pg_foreign_table,0,0,0,0,0,0,0,0,0,0,0,0,0,0,,,,
1415233893.23019,pg_toast,pg_toast_11620,0,0,0,0,0,0,0,0,0,0,0,0,0,0,,,,
1415233893.23019,pg_catalog,pg_attrdef,0,0,0,0,0,0,0,0,0,0,0,0,0,0,0,0,0,0
1415233893.23019,pg_catalog,pg_ts_template,0,0,0,0,0,0,0,0,0,0,0,0,0,0,,,,
1415233893.23019,pg_catalog,pg_foreign_server,0,0,0,0,0,0,0,0,0,0,0,0,0,0,,,,
1415233893.23019,pg_catalog,pg_default_acl,0,0,1500,0,0,0,0,0,0,0,0,0,153,1347,,,,
1415233893.23019,public,nation,2,50,0,0,25,0,0,0,25,0,1,3,0,0,,,,
1415233893.23019,pg_toast,pg_toast_11595,0,0,0,0,0,0,0,0,0,0,0,0,0,0,,,,
1415233893.23019,information_schema,sql_packages,0,0,,,0,0,0,0,0,0,0,0,,,0,0,0,0
1415233893.23019,pg_catalog,pg_attribute,869,5767,259635,573824,2316,58,2150,44,2413,486,5033,278999,1386,541474,,,,
1415233893.23019,pg_catalog,pg_statistic,0,0,71013,68080,482,1482,435,1157,496,0,4816,67614,542,152515,13217,68537,165,59936
1415233893.23019,pg_toast,pg_toast_2618,0,0,1396,4529,0,0,0,0,0,0,1089,1346,386,1724,,,,
1415233893.23019,pg_toast,pg_toast_3596,0,0,0,0,0,0,0,0,0,0,0,0,0,0,,,,
1415233893.23019,information_schema,sql_features,0,0,,,0,0,0,0,0,0,0,0,,,0,0,0,0
1415233893.23019,pg_catalog,pg_depend,0,0,15274,16393,2835,0,2760,0,6279,257,2427,18912,3901,39570,,,,
1415233893.23019,public,part,6,12000000,0,0,2000000,0,0,0,2000000,0,79007,327715,0,0,,,,
1415233893.23019,pg_toast,pg_toast_11605,0,0,0,0,0,0,0,0,0,0,0,0,0,0,,,,
1415233893.23019,pg_catalog,pg_opclass,158,158,75705,812845,0,0,0,0,0,0,93,290551,362,93709,,,,
1415233893.23019,pg_catalog,pg_proc,0,0,114703,169759,0,0,0,0,0,0,7520,119699,2697,253431,0,0,0,0
1415233893.23019,pg_catalog,pg_trigger,0,0,0,0,0,0,0,0,0,0,0,0,0,0,0,0,0,0
1415233893.23019,information_schema,sql_languages,0,0,,,0,0,0,0,0,0,0,0,,,0,0,0,0
1415233893.23019,pg_catalog,pg_am,13190,13190,0,0,0,0,0,0,0,0,37,13153,0,0,,,,
1415233893.23019,pg_catalog,pg_largeobject_metadata,0,0,0,0,0,0,0,0,0,0,0,0,0,0,,,,
1415233893.23019,pg_catalog,pg_ts_config_map,0,0,0,0,0,0,0,0,0,0,0,0,0,0,,,,
1415233893.23019,pg_catalog,pg_type,0,0,289700,286890,744,0,725,0,349,115,1155,288812,1831,576094,,,,
1415233893.23019,information_schema,sql_sizing_profiles,0,0,,,0,0,0,0,0,0,0,0,,,0,0,0,0
1415233893.23019,pg_catalog,pg_shdepend,0,0,1978,392,0,0,0,0,0,0,172,220,674,2046,,,,
1415233893.23019,pg_catalog,pg_conversion,0,0,0,0,0,0,0,0,0,0,0,0,0,0,,,,
1415233893.23019,pg_catalog,pg_foreign_data_wrapper,0,0,0,0,0,0,0,0,0,0,0,0,0,0,,,,
1415233893.23019,pg_catalog,pg_opfamily,0,0,0,0,0,0,0,0,0,0,0,0,0,0,,,,
1415233893.23019,pg_catalog,pg_shdescription,0,0,0,0,0,0,0,0,0,0,0,0,0,0,0,0,0,0
1415233893.23019,pg_catalog,pg_tablespace,2,4,9203,9203,0,0,0,0,0,0,55,9150,110,18296,,,,
1415233893.23019,pg_catalog,pg_inherits,0,0,365,0,0,0,0,0,0,0,0,0,175,190,,,,
1415233893.23019,pg_toast,pg_toast_2606,0,0,0,0,0,0,0,0,0,0,0,0,0,0,,,,
1415233893.23019,pg_toast,pg_toast_2964,0,0,0,0,0,0,0,0,0,0,0,0,0,0,,,,
1415233893.23019,pg_catalog,pg_database,1049,4061,46105,46103,1,0,0,0,1,0,11,47142,147,72500,,,,
1415233893.23019,pg_toast,pg_toast_2620,0,0,0,0,0,0,0,0,0,0,0,0,0,0,,,,
1415233893.23019,public,customer,6,9000000,0,0,1500000,0,0,0,1500000,0,68533,294857,0,0,,,,
1415233893.23019,information_schema,sql_sizing,0,0,,,0,0,0,0,0,0,0,0,,,0,0,0,0
1415233893.23019,pg_catalog,pg_amproc,158,316,55702,82953,0,0,0,0,0,0,133,54425,111,124216,,,,
1415233893.23019,pg_catalog,pg_collation,0,0,0,0,0,0,0,0,0,0,0,0,0,0,,,,
1415233893.23019,pg_catalog,pg_constraint,0,0,87,40,47,0,40,0,9,40,26,245,48,455,0,0,0,0
1415233893.23019,pg_catalog,pg_range,0,0,2945,0,0,0,0,0,0,0,0,0,433,5457,,,,
1415233893.23019,pg_toast,pg_toast_11600,0,0,0,0,0,0,0,0,0,0,0,0,0,0,,,,
1415233893.23019,pg_toast,pg_toast_11590,0,0,0,0,0,0,0,0,0,0,0,0,0,0,,,,
1415233893.23019,information_schema,sql_implementation_info,0,0,,,0,0,0,0,0,0,0,0,,,0,0,0,0
1415233893.23019,pg_catalog,pg_user_mapping,0,0,0,0,0,0,0,0,0,0,0,0,0,0,,,,
1415233893.23019,pg_catalog,pg_largeobject,0,0,0,0,0,0,0,0,0,0,0,0,0,0,,,,
1415233893.23019,pg_catalog,pg_namespace,878,14000,60728,48150,16,0,0,0,16,0,66,49003,938,74046,,,,
1415233893.23019,information_schema,sql_parts,0,0,,,0,0,0,0,0,0,0,0,,,0,0,0,0
1415233893.23019,pg_catalog,pg_authid,385,385,25312,25312,0,0,0,0,0,0,42,25655,174,50450,,,,
1415233893.23019,pg_catalog,pg_index,1933,188383,126416,183262,267,0,245,0,132,53,604,165218,241,146613,,,,
1415233893.23019,pg_catalog,pg_ts_dict,0,0,0,0,0,0,0,0,0,0,0,0,0,0,,,,
1415233893.23019,pg_catalog,pg_class,4745,1029389,332834,309531,642,210,610,202,320,0,1377,349665,504,646623,,,,
1415233893.23019,pg_toast,pg_toast_2396,0,0,0,0,0,0,0,0,0,0,0,0,0,0,,,,
1415233893.23019,pg_catalog,pg_enum,0,0,0,0,0,0,0,0,0,0,0,0,0,0,,,,
1415233893.23019,pg_catalog,pg_db_role_setting,0,0,39843,0,0,0,0,0,0,0,0,0,38,39805,0,0,0,0
1415233893.23019,pg_catalog,pg_seclabel,0,0,1585,0,0,0,0,0,0,0,0,0,149,1436,0,0,0,0
1415233893.23019,public,region,2,10,0,0,5,0,0,0,5,0,1,3,0,0,,,,
1415233893.23019,pg_toast,pg_toast_2609,0,0,0,0,0,0,0,0,0,0,0,0,0,0,,,,
1415233893.23019,pg_toast,pg_toast_1255,0,0,0,0,0,0,0,0,0,0,0,0,0,0,,,,
1415233893.23019,pg_catalog,pg_rewrite,0,0,3679,3049,210,0,210,0,111,1,1824,2857,765,5503,1089,1346,386,1724
1415233893.23019,pg_catalog,pg_ts_config,0,0,0,0,0,0,0,0,0,0,0,0,0,0,,,,
1415233893.23019,pg_catalog,pg_extension,0,0,0,0,0,0,0,0,0,0,0,0,0,0,,,,
1415233893.23019,pg_catalog,pg_amop,0,0,112081,163028,0,0,0,0,0,0,202,162826,665,238736,,,,
1415233893.23019,pg_catalog,pg_cast,0,0,404698,100347,0,0,0,0,0,0,149,100198,84,416850,,,,
1415233893.23019,public,supplier,4,400000,0,0,100000,0,0,0,100000,0,2312,15648,0,0,,,,
1415233893.23019,pg_toast,pg_toast_2619,0,0,51327,171030,1854,0,1645,0,225,10,13217,68537,165,59936,,,,
1415233893.23019,pg_toast,pg_toast_11610,0,0,0,0,0,0,0,0,0,0,0,0,0,0,,,,
1415233893.23019,pg_toast,pg_toast_2604,0,0,0,0,0,0,0,0,0,0,0,0,0,0,,,,
1415233953.23465,public,partsupp,3,24000000,0,0,8000000,0,0,0,8000000,0,340611,954509,0,0,,,,
1415233953.23465,public,lineitem,5,299930260,0,0,59986052,0,0,0,59986052,0,4796304,3904346,0,0,,,,
1415233953.23465,pg_catalog,pg_auth_members,0,0,0,0,0,0,0,0,0,0,0,0,0,0,,,,
1415233953.23465,pg_catalog,pg_operator,0,0,96894,485093,0,0,0,0,0,0,1099,341991,955,211705,,,,
1415233953.23465,public,time_statistics,0,0,,,1,0,0,0,1,0,1,0,,,,,,
1415233953.23465,public,orders,4,60000000,0,0,15000000,0,0,0,15000000,0,504554,1558780,0,0,,,,
1415233953.23465,pg_catalog,pg_aggregate,0,0,6642,6642,0,0,0,0,0,0,162,6480,424,11180,,,,
1415233953.23465,pg_catalog,pg_pltemplate,0,0,0,0,0,0,0,0,0,0,0,0,0,0,,,,
1415233953.23465,pg_toast,pg_toast_11615,0,0,0,0,0,0,0,0,0,0,0,0,0,0,,,,
1415233953.23465,pg_catalog,pg_description,0,0,1585,0,0,0,0,0,0,0,0,0,473,3062,0,0,0,0
1415233953.23465,pg_catalog,pg_language,0,0,0,0,0,0,0,0,0,0,0,0,0,0,,,,
1415233953.23465,pg_catalog,pg_ts_parser,0,0,0,0,0,0,0,0,0,0,0,0,0,0,,,,
1415233953.23465,pg_catalog,pg_shseclabel,0,0,0,0,0,0,0,0,0,0,0,0,0,0,,,,
1415233953.23465,pg_catalog,pg_foreign_table,0,0,0,0,0,0,0,0,0,0,0,0,0,0,,,,
1415233953.23465,pg_toast,pg_toast_11620,0,0,0,0,0,0,0,0,0,0,0,0,0,0,,,,
1415233953.23465,pg_catalog,pg_attrdef,0,0,0,0,0,0,0,0,0,0,0,0,0,0,0,0,0,0
1415233953.23465,pg_catalog,pg_ts_template,0,0,0,0,0,0,0,0,0,0,0,0,0,0,,,,
1415233953.23465,pg_catalog,pg_foreign_server,0,0,0,0,0,0,0,0,0,0,0,0,0,0,,,,
1415233953.23465,pg_catalog,pg_default_acl,0,0,1500,0,0,0,0,0,0,0,0,0,153,1347,,,,
1415233953.23465,public,nation,2,50,0,0,25,0,0,0,25,0,1,3,0,0,,,,
1415233953.23465,pg_toast,pg_toast_11595,0,0,0,0,0,0,0,0,0,0,0,0,0,0,,,,
1415233953.23465,information_schema,sql_packages,0,0,,,0,0,0,0,0,0,0,0,,,0,0,0,0
1415233953.23465,pg_catalog,pg_attribute,869,5767,259861,574427,2321,58,2150,44,2418,486,5033,279240,1386,541954,,,,
1415233953.23465,pg_catalog,pg_statistic,0,0,71038,68099,482,1482,435,1157,496,0,4816,67633,542,152570,13217,68540,165,59942
1415233953.23465,pg_toast,pg_toast_2618,0,0,1400,4542,0,0,0,0,0,0,1089,1353,386,1730,,,,
1415233953.23465,pg_toast,pg_toast_3596,0,0,0,0,0,0,0,0,0,0,0,0,0,0,,,,
1415233953.23465,information_schema,sql_features,0,0,,,0,0,0,0,0,0,0,0,,,0,0,0,0
1415233953.23465,pg_catalog,pg_depend,0,0,15287,16406,2842,0,2760,0,6286,257,2427,18941,3901,39630,,,,
1415233953.23465,public,part,6,12000000,0,0,2000000,0,0,0,2000000,0,79007,327715,0,0,,,,
1415233953.23465,pg_toast,pg_toast_11605,0,0,0,0,0,0,0,0,0,0,0,0,0,0,,,,
1415233953.23465,pg_catalog,pg_opclass,158,158,75734,813230,0,0,0,0,0,0,93,290659,362,93749,,,,
1415233953.23465,pg_catalog,pg_proc,0,0,114780,169871,0,0,0,0,0,0,7521,119790,2697,253601,0,0,0,0
1415233953.23465,pg_catalog,pg_trigger,0,0,0,0,0,0,0,0,0,0,0,0,0,0,0,0,0,0
1415233953.23465,information_schema,sql_languages,0,0,,,0,0,0,0,0,0,0,0,,,0,0,0,0
1415233953.23465,pg_catalog,pg_am,13198,13198,0,0,0,0,0,0,0,0,37,13161,0,0,,,,
1415233953.23465,pg_catalog,pg_largeobject_metadata,0,0,0,0,0,0,0,0,0,0,0,0,0,0,,,,
1415233953.23465,pg_catalog,pg_ts_config_map,0,0,0,0,0,0,0,0,0,0,0,0,0,0,,,,
1415233953.23465,pg_catalog,pg_type,0,0,289795,286985,744,0,725,0,349,115,1155,288907,1831,576292,,,,
1415233953.23465,information_schema,sql_sizing_profiles,0,0,,,0,0,0,0,0,0,0,0,,,0,0,0,0
1415233953.23465,pg_catalog,pg_shdepend,0,0,1978,392,0,0,0,0,0,0,172,220,674,2046,,,,
1415233953.23465,pg_catalog,pg_conversion,0,0,0,0,0,0,0,0,0,0,0,0,0,0,,,,
1415233953.23465,pg_catalog,pg_foreign_data_wrapper,0,0,0,0,0,0,0,0,0,0,0,0,0,0,,,,
1415233953.23465,pg_catalog,pg_opfamily,0,0,0,0,0,0,0,0,0,0,0,0,0,0,,,,
1415233953.23465,pg_catalog,pg_shdescription,0,0,0,0,0,0,0,0,0,0,0,0,0,0,0,0,0,0
1415233953.23465,pg_catalog,pg_tablespace,2,4,9208,9208,0,0,0,0,0,0,55,9155,110,18306,,,,
1415233953.23465,pg_catalog,pg_inherits,0,0,365,0,0,0,0,0,0,0,0,0,175,190,,,,
1415233953.23465,pg_toast,pg_toast_2606,0,0,0,0,0,0,0,0,0,0,0,0,0,0,,,,
1415233953.23465,pg_toast,pg_toast_2964,0,0,0,0,0,0,0,0,0,0,0,0,0,0,,,,
1415233953.23465,pg_catalog,pg_database,1052,4073,46136,46134,1,0,0,0,1,0,11,47176,147,72543,,,,
1415233953.23465,pg_toast,pg_toast_2620,0,0,0,0,0,0,0,0,0,0,0,0,0,0,,,,
1415233953.23465,public,customer,6,9000000,0,0,1500000,0,0,0,1500000,0,68533,294857,0,0,,,,
1415233953.23465,information_schema,sql_sizing,0,0,,,0,0,0,0,0,0,0,0,,,0,0,0,0
1415233953.23465,pg_catalog,pg_amproc,158,316,55721,82984,0,0,0,0,0,0,133,54444,111,124259,,,,
1415233953.23465,pg_catalog,pg_collation,0,0,0,0,0,0,0,0,0,0,0,0,0,0,,,,
1415233953.23465,pg_catalog,pg_constraint,0,0,87,40,47,0,40,0,9,40,26,245,48,455,0,0,0,0
1415233953.23465,pg_catalog,pg_range,0,0,2945,0,0,0,0,0,0,0,0,0,433,5457,,,,
1415233953.23465,pg_toast,pg_toast_11600,0,0,0,0,0,0,0,0,0,0,0,0,0,0,,,,
1415233953.23465,pg_toast,pg_toast_11590,0,0,0,0,0,0,0,0,0,0,0,0,0,0,,,,
1415233953.23465,information_schema,sql_implementation_info,0,0,,,0,0,0,0,0,0,0,0,,,0,0,0,0
1415233953.23465,pg_catalog,pg_user_mapping,0,0,0,0,0,0,0,0,0,0,0,0,0,0,,,,
1415233953.23465,pg_catalog,pg_largeobject,0,0,0,0,0,0,0,0,0,0,0,0,0,0,,,,
1415233953.23465,pg_catalog,pg_namespace,880,14044,60882,48296,16,0,0,0,16,0,66,49151,938,74210,,,,
1415233953.23465,information_schema,sql_parts,0,0,,,0,0,0,0,0,0,0,0,,,0,0,0,0
1415233953.23465,pg_catalog,pg_authid,386,386,25320,25320,0,0,0,0,0,0,42,25664,174,50466,,,,
1415233953.23465,pg_catalog,pg_index,1937,188911,126473,183341,270,0,245,0,135,53,604,165311,241,146689,,,,
1415233953.23465,pg_catalog,pg_ts_dict,0,0,0,0,0,0,0,0,0,0,0,0,0,0,,,,
1415233953.23465,pg_catalog,pg_class,4756,1032358,333210,309898,645,210,610,202,323,0,1377,350147,504,647401,,,,
1415233953.23465,pg_toast,pg_toast_2396,0,0,0,0,0,0,0,0,0,0,0,0,0,0,,,,
1415233953.23465,pg_catalog,pg_enum,0,0,0,0,0,0,0,0,0,0,0,0,0,0,,,,
1415233953.23465,pg_catalog,pg_db_role_setting,0,0,39861,0,0,0,0,0,0,0,0,0,38,39823,0,0,0,0
1415233953.23465,pg_catalog,pg_seclabel,0,0,1585,0,0,0,0,0,0,0,0,0,149,1436,0,0,0,0
1415233953.23465,public,region,2,10,0,0,5,0,0,0,5,0,1,3,0,0,,,,
1415233953.23465,pg_toast,pg_toast_2609,0,0,0,0,0,0,0,0,0,0,0,0,0,0,,,,
1415233953.23465,pg_toast,pg_toast_1255,0,0,0,0,0,0,0,0,0,0,0,0,0,0,,,,
1415233953.23465,pg_catalog,pg_rewrite,0,0,3686,3056,210,0,210,0,111,1,1824,2864,765,5515,1089,1353,386,1730
1415233953.23465,pg_catalog,pg_ts_config,0,0,0,0,0,0,0,0,0,0,0,0,0,0,,,,
1415233953.23465,pg_catalog,pg_extension,0,0,0,0,0,0,0,0,0,0,0,0,0,0,,,,
1415233953.23465,pg_catalog,pg_amop,0,0,112114,163069,0,0,0,0,0,0,202,162867,665,238810,,,,
1415233953.23465,pg_catalog,pg_cast,0,0,404812,100396,0,0,0,0,0,0,149,100247,84,416972,,,,
1415233953.23465,public,supplier,4,400000,0,0,100000,0,0,0,100000,0,2312,15648,0,0,,,,
1415233953.23465,pg_toast,pg_toast_2619,0,0,51330,171036,1854,0,1645,0,225,10,13217,68540,165,59942,,,,
1415233953.23465,pg_toast,pg_toast_11610,0,0,0,0,0,0,0,0,0,0,0,0,0,0,,,,
1415233953.23465,pg_toast,pg_toast_2604,0,0,0,0,0,0,0,0,0,0,0,0,0,0,,,,
1415234013.2376,public,partsupp,3,24000000,0,0,8000000,0,0,0,8000000,0,340611,954509,0,0,,,,
1415234013.2376,public,lineitem,5,299930260,0,0,59986052,0,0,0,59986052,0,4796304,3904346,0,0,,,,
1415234013.2376,pg_catalog,pg_auth_members,0,0,0,0,0,0,0,0,0,0,0,0,0,0,,,,
1415234013.2376,pg_catalog,pg_operator,0,0,96911,485110,0,0,0,0,0,0,1099,342008,955,211747,,,,
1415234013.2376,public,time_statistics,0,0,,,1,0,0,0,1,0,1,0,,,,,,
1415234013.2376,public,orders,4,60000000,0,0,15000000,0,0,0,15000000,0,504554,1558780,0,0,,,,
1415234013.2376,pg_catalog,pg_aggregate,0,0,6643,6643,0,0,0,0,0,0,162,6481,424,11182,,,,
1415234013.2376,pg_catalog,pg_pltemplate,0,0,0,0,0,0,0,0,0,0,0,0,0,0,,,,
1415234013.2376,pg_toast,pg_toast_11615,0,0,0,0,0,0,0,0,0,0,0,0,0,0,,,,
1415234013.2376,pg_catalog,pg_description,0,0,1585,0,0,0,0,0,0,0,0,0,473,3062,0,0,0,0
1415234013.2376,pg_catalog,pg_language,0,0,0,0,0,0,0,0,0,0,0,0,0,0,,,,
1415234013.2376,pg_catalog,pg_ts_parser,0,0,0,0,0,0,0,0,0,0,0,0,0,0,,,,
1415234013.2376,pg_catalog,pg_shseclabel,0,0,0,0,0,0,0,0,0,0,0,0,0,0,,,,
1415234013.2376,pg_catalog,pg_foreign_table,0,0,0,0,0,0,0,0,0,0,0,0,0,0,,,,
1415234013.2376,pg_toast,pg_toast_11620,0,0,0,0,0,0,0,0,0,0,0,0,0,0,,,,
1415234013.2376,pg_catalog,pg_attrdef,0,0,0,0,0,0,0,0,0,0,0,0,0,0,0,0,0,0
1415234013.2376,pg_catalog,pg_ts_template,0,0,0,0,0,0,0,0,0,0,0,0,0,0,,,,
1415234013.2376,pg_catalog,pg_foreign_server,0,0,0,0,0,0,0,0,0,0,0,0,0,0,,,,
1415234013.2376,pg_catalog,pg_default_acl,0,0,1500,0,0,0,0,0,0,0,0,0,153,1347,,,,
1415234013.2376,public,nation,2,50,0,0,25,0,0,0,25,0,1,3,0,0,,,,
1415234013.2376,pg_toast,pg_toast_11595,0,0,0,0,0,0,0,0,0,0,0,0,0,0,,,,
1415234013.2376,information_schema,sql_packages,0,0,,,0,0,0,0,0,0,0,0,,,0,0,0,0
1415234013.2376,pg_catalog,pg_attribute,869,5767,260052,574741,2321,58,2150,44,2418,486,5033,279432,1386,542342,,,,
1415234013.2376,pg_catalog,pg_statistic,0,0,71063,68118,482,1482,435,1157,496,0,4816,67652,542,152625,13217,68543,165,59948
1415234013.2376,pg_toast,pg_toast_2618,0,0,1404,4555,0,0,0,0,0,0,1089,1360,386,1736,,,,
1415234013.2376,pg_toast,pg_toast_3596,0,0,0,0,0,0,0,0,0,0,0,0,0,0,,,,
1415234013.2376,information_schema,sql_features,0,0,,,0,0,0,0,0,0,0,0,,,0,0,0,0
1415234013.2376,pg_catalog,pg_depend,0,0,15287,16406,2842,0,2760,0,6286,257,2427,18941,3901,39630,,,,
1415234013.2376,public,part,6,12000000,0,0,2000000,0,0,0,2000000,0,79007,327715,0,0,,,,
1415234013.2376,pg_toast,pg_toast_11605,0,0,0,0,0,0,0,0,0,0,0,0,0,0,,,,
1415234013.2376,pg_catalog,pg_opclass,158,158,75751,813403,0,0,0,0,0,0,93,290715,362,93775,,,,
1415234013.2376,pg_catalog,pg_proc,0,0,114856,169982,0,0,0,0,0,0,7521,119881,2697,253768,0,0,0,0
1415234013.2376,pg_catalog,pg_trigger,0,0,0,0,0,0,0,0,0,0,0,0,0,0,0,0,0,0
1415234013.2376,information_schema,sql_languages,0,0,,,0,0,0,0,0,0,0,0,,,0,0,0,0
1415234013.2376,pg_catalog,pg_am,13204,13204,0,0,0,0,0,0,0,0,37,13167,0,0,,,,
1415234013.2376,pg_catalog,pg_largeobject_metadata,0,0,0,0,0,0,0,0,0,0,0,0,0,0,,,,
1415234013.2376,pg_catalog,pg_ts_config_map,0,0,0,0,0,0,0,0,0,0,0,0,0,0,,,,
1415234013.2376,pg_catalog,pg_type,0,0,289885,287075,744,0,725,0,349,115,1155,288997,1831,576477,,,,
1415234013.2376,information_schema,sql_sizing_profiles,0,0,,,0,0,0,0,0,0,0,0,,,0,0,0,0
1415234013.2376,pg_catalog,pg_shdepend,0,0,1978,392,0,0,0,0,0,0,172,220,674,2046,,,,
1415234013.2376,pg_catalog,pg_conversion,0,0,0,0,0,0,0,0,0,0,0,0,0,0,,,,
1415234013.2376,pg_catalog,pg_foreign_data_wrapper,0,0,0,0,0,0,0,0,0,0,0,0,0,0,,,,
1415234013.2376,pg_catalog,pg_opfamily,0,0,0,0,0,0,0,0,0,0,0,0,0,0,,,,
1415234013.2376,pg_catalog,pg_shdescription,0,0,0,0,0,0,0,0,0,0,0,0,0,0,0,0,0,0
1415234013.2376,pg_catalog,pg_tablespace,2,4,9213,9213,0,0,0,0,0,0,55,9160,110,18316,,,,
1415234013.2376,pg_catalog,pg_inherits,0,0,365,0,0,0,0,0,0,0,0,0,175,190,,,,
1415234013.2376,pg_toast,pg_toast_2606,0,0,0,0,0,0,0,0,0,0,0,0,0,0,,,,
1415234013.2376,pg_toast,pg_toast_2964,0,0,0,0,0,0,0,0,0,0,0,0,0,0,,,,
1415234013.2376,pg_catalog,pg_database,1055,4085,46165,46163,1,0,0,0,1,0,11,47208,147,72586,,,,
1415234013.2376,pg_toast,pg_toast_2620,0,0,0,0,0,0,0,0,0,0,0,0,0,0,,,,
1415234013.2376,public,customer,6,9000000,0,0,1500000,0,0,0,1500000,0,68533,294857,0,0,,,,
1415234013.2376,information_schema,sql_sizing,0,0,,,0,0,0,0,0,0,0,0,,,0,0,0,0
1415234013.2376,pg_catalog,pg_amproc,158,316,55737,83009,0,0,0,0,0,0,133,54460,111,124297,,,,
1415234013.2376,pg_catalog,pg_collation,0,0,0,0,0,0,0,0,0,0,0,0,0,0,,,,
1415234013.2376,pg_catalog,pg_constraint,0,0,87,40,47,0,40,0,9,40,26,245,48,455,0,0,0,0
1415234013.2376,pg_catalog,pg_range,0,0,2945,0,0,0,0,0,0,0,0,0,433,5457,,,,
1415234013.2376,pg_toast,pg_toast_11600,0,0,0,0,0,0,0,0,0,0,0,0,0,0,,,,
1415234013.2376,pg_toast,pg_toast_11590,0,0,0,0,0,0,0,0,0,0,0,0,0,0,,,,
1415234013.2376,information_schema,sql_implementation_info,0,0,,,0,0,0,0,0,0,0,0,,,0,0,0,0
1415234013.2376,pg_catalog,pg_user_mapping,0,0,0,0,0,0,0,0,0,0,0,0,0,0,,,,
1415234013.2376,pg_catalog,pg_largeobject,0,0,0,0,0,0,0,0,0,0,0,0,0,0,,,,
1415234013.2376,pg_catalog,pg_namespace,882,14088,61033,48442,16,0,0,0,16,0,66,49299,938,74368,,,,
1415234013.2376,information_schema,sql_parts,0,0,,,0,0,0,0,0,0,0,0,,,0,0,0,0
1415234013.2376,pg_catalog,pg_authid,387,387,25330,25330,0,0,0,0,0,0,42,25675,174,50486,,,,
1415234013.2376,pg_catalog,pg_index,1941,189451,126507,183385,270,0,245,0,135,53,604,165369,241,146734,,,,
1415234013.2376,pg_catalog,pg_ts_dict,0,0,0,0,0,0,0,0,0,0,0,0,0,0,,,,
1415234013.2376,pg_catalog,pg_class,4767,1035348,333540,310228,645,210,610,202,323,0,1377,350577,504,648073,,,,
1415234013.2376,pg_toast,pg_toast_2396,0,0,0,0,0,0,0,0,0,0,0,0,0,0,,,,
1415234013.2376,pg_catalog,pg_enum,0,0,0,0,0,0,0,0,0,0,0,0,0,0,,,,
1415234013.2376,pg_catalog,pg_db_role_setting,0,0,39882,0,0,0,0,0,0,0,0,0,38,39844,0,0,0,0
1415234013.2376,pg_catalog,pg_seclabel,0,0,1585,0,0,0,0,0,0,0,0,0,149,1436,0,0,0,0
1415234013.2376,public,region,2,10,0,0,5,0,0,0,5,0,1,3,0,0,,,,
1415234013.2376,pg_toast,pg_toast_2609,0,0,0,0,0,0,0,0,0,0,0,0,0,0,,,,
1415234013.2376,pg_toast,pg_toast_1255,0,0,0,0,0,0,0,0,0,0,0,0,0,0,,,,
1415234013.2376,pg_catalog,pg_rewrite,0,0,3693,3063,210,0,210,0,111,1,1824,2871,765,5527,1089,1360,386,1736
1415234013.2376,pg_catalog,pg_ts_config,0,0,0,0,0,0,0,0,0,0,0,0,0,0,,,,
1415234013.2376,pg_catalog,pg_extension,0,0,0,0,0,0,0,0,0,0,0,0,0,0,,,,
1415234013.2376,pg_catalog,pg_amop,0,0,112147,163110,0,0,0,0,0,0,202,162908,665,238884,,,,
1415234013.2376,pg_catalog,pg_cast,0,0,404880,100424,0,0,0,0,0,0,149,100275,84,417045,,,,
1415234013.2376,public,supplier,4,400000,0,0,100000,0,0,0,100000,0,2312,15648,0,0,,,,
1415234013.2376,pg_toast,pg_toast_2619,0,0,51333,171042,1854,0,1645,0,225,10,13217,68543,165,59948,,,,
1415234013.2376,pg_toast,pg_toast_11610,0,0,0,0,0,0,0,0,0,0,0,0,0,0,,,,
1415234013.2376,pg_toast,pg_toast_2604,0,0,0,0,0,0,0,0,0,0,0,0,0,0,,,,
1415234073.24002,public,partsupp,3,24000000,0,0,8000000,0,0,0,8000000,0,340611,954509,0,0,,,,
1415234073.24002,public,lineitem,5,299930260,0,0,59986052,0,0,0,59986052,0,4796304,3904346,0,0,,,,
1415234073.24002,pg_catalog,pg_auth_members,0,0,0,0,0,0,0,0,0,0,0,0,0,0,,,,
1415234073.24002,pg_catalog,pg_operator,0,0,96931,485130,0,0,0,0,0,0,1099,342028,955,211798,,,,
1415234073.24002,public,time_statistics,0,0,,,1,0,0,0,1,0,1,0,,,,,,
1415234073.24002,public,orders,4,60000000,0,0,15000000,0,0,0,15000000,0,504554,1558780,0,0,,,,
1415234073.24002,pg_catalog,pg_aggregate,0,0,6644,6644,0,0,0,0,0,0,162,6482,424,11184,,,,
1415234073.24002,pg_catalog,pg_pltemplate,0,0,0,0,0,0,0,0,0,0,0,0,0,0,,,,
1415234073.24002,pg_toast,pg_toast_11615,0,0,0,0,0,0,0,0,0,0,0,0,0,0,,,,
1415234073.24002,pg_catalog,pg_description,0,0,1585,0,0,0,0,0,0,0,0,0,473,3062,0,0,0,0
1415234073.24002,pg_catalog,pg_language,0,0,0,0,0,0,0,0,0,0,0,0,0,0,,,,
1415234073.24002,pg_catalog,pg_ts_parser,0,0,0,0,0,0,0,0,0,0,0,0,0,0,,,,
1415234073.24002,pg_catalog,pg_shseclabel,0,0,0,0,0,0,0,0,0,0,0,0,0,0,,,,
1415234073.24002,pg_catalog,pg_foreign_table,0,0,0,0,0,0,0,0,0,0,0,0,0,0,,,,
1415234073.24002,pg_toast,pg_toast_11620,0,0,0,0,0,0,0,0,0,0,0,0,0,0,,,,
1415234073.24002,pg_catalog,pg_attrdef,0,0,0,0,0,0,0,0,0,0,0,0,0,0,0,0,0,0
1415234073.24002,pg_catalog,pg_ts_template,0,0,0,0,0,0,0,0,0,0,0,0,0,0,,,,
1415234073.24002,pg_catalog,pg_foreign_server,0,0,0,0,0,0,0,0,0,0,0,0,0,0,,,,
1415234073.24002,pg_catalog,pg_default_acl,0,0,1500,0,0,0,0,0,0,0,0,0,153,1347,,,,
1415234073.24002,public,nation,2,50,0,0,25,0,0,0,25,0,1,3,0,0,,,,
1415234073.24002,pg_toast,pg_toast_11595,0,0,0,0,0,0,0,0,0,0,0,0,0,0,,,,
1415234073.24002,information_schema,sql_packages,0,0,,,0,0,0,0,0,0,0,0,,,0,0,0,0
1415234073.24002,pg_catalog,pg_attribute,869,5767,260271,575118,2321,58,2150,44,2418,486,5033,279652,1386,542787,,,,
1415234073.24002,pg_catalog,pg_statistic,0,0,71094,68141,482,1482,435,1157,496,0,4816,67675,542,152694,13217,68547,165,59956
1415234073.24002,pg_toast,pg_toast_2618,0,0,1408,4568,0,0,0,0,0,0,1089,1367,386,1742,,,,
1415234073.24002,pg_toast,pg_toast_3596,0,0,0,0,0,0,0,0,0,0,0,0,0,0,,,,
1415234073.24002,information_schema,sql_features,0,0,,,0,0,0,0,0,0,0,0,,,0,0,0,0
1415234073.24002,pg_catalog,pg_depend,0,0,15287,16406,2842,0,2760,0,6286,257,2427,18941,3901,39630,,,,
1415234073.24002,public,part,6,12000000,0,0,2000000,0,0,0,2000000,0,79007,327715,0,0,,,,
1415234073.24002,pg_toast,pg_toast_11605,0,0,0,0,0,0,0,0,0,0,0,0,0,0,,,,
1415234073.24002,pg_catalog,pg_opclass,158,158,75774,813658,0,0,0,0,0,0,93,290800,362,93809,,,,
1415234073.24002,pg_catalog,pg_proc,0,0,114944,170119,0,0,0,0,0,0,7521,119990,2697,253965,0,0,0,0
1415234073.24002,pg_catalog,pg_trigger,0,0,0,0,0,0,0,0,0,0,0,0,0,0,0,0,0,0
1415234073.24002,information_schema,sql_languages,0,0,,,0,0,0,0,0,0,0,0,,,0,0,0,0
1415234073.24002,pg_catalog,pg_am,13211,13211,0,0,0,0,0,0,0,0,37,13174,0,0,,,,
1415234073.24002,pg_catalog,pg_largeobject_metadata,0,0,0,0,0,0,0,0,0,0,0,0,0,0,,,,
1415234073.24002,pg_catalog,pg_ts_config_map,0,0,0,0,0,0,0,0,0,0,0,0,0,0,,,,
1415234073.24002,pg_catalog,pg_type,0,0,290010,287200,744,0,725,0,349,115,1155,289122,1831,576734,,,,
1415234073.24002,information_schema,sql_sizing_profiles,0,0,,,0,0,0,0,0,0,0,0,,,0,0,0,0
1415234073.24002,pg_catalog,pg_shdepend,0,0,1978,392,0,0,0,0,0,0,172,220,674,2046,,,,
1415234073.24002,pg_catalog,pg_conversion,0,0,0,0,0,0,0,0,0,0,0,0,0,0,,,,
1415234073.24002,pg_catalog,pg_foreign_data_wrapper,0,0,0,0,0,0,0,0,0,0,0,0,0,0,,,,
1415234073.24002,pg_catalog,pg_opfamily,0,0,0,0,0,0,0,0,0,0,0,0,0,0,,,,
1415234073.24002,pg_catalog,pg_shdescription,0,0,0,0,0,0,0,0,0,0,0,0,0,0,0,0,0,0
1415234073.24002,pg_catalog,pg_tablespace,2,4,9220,9220,0,0,0,0,0,0,55,9167,110,18330,,,,
1415234073.24002,pg_catalog,pg_inherits,0,0,365,0,0,0,0,0,0,0,0,0,175,190,,,,
1415234073.24002,pg_toast,pg_toast_2606,0,0,0,0,0,0,0,0,0,0,0,0,0,0,,,,
1415234073.24002,pg_toast,pg_toast_2964,0,0,0,0,0,0,0,0,0,0,0,0,0,0,,,,
1415234073.24002,pg_catalog,pg_database,1058,4097,46206,46204,1,0,0,0,1,0,11,47252,147,72643,,,,
1415234073.24002,pg_toast,pg_toast_2620,0,0,0,0,0,0,0,0,0,0,0,0,0,0,,,,
1415234073.24002,public,customer,6,9000000,0,0,1500000,0,0,0,1500000,0,68533,294857,0,0,,,,
1415234073.24002,information_schema,sql_sizing,0,0,,,0,0,0,0,0,0,0,0,,,0,0,0,0
1415234073.24002,pg_catalog,pg_amproc,158,316,55759,83042,0,0,0,0,0,0,133,54482,111,124348,,,,
1415234073.24002,pg_catalog,pg_collation,0,0,0,0,0,0,0,0,0,0,0,0,0,0,,,,
1415234073.24002,pg_catalog,pg_constraint,0,0,87,40,47,0,40,0,9,40,26,245,48,455,0,0,0,0
1415234073.24002,pg_catalog,pg_range,0,0,2945,0,0,0,0,0,0,0,0,0,433,5457,,,,
1415234073.24002,pg_toast,pg_toast_11600,0,0,0,0,0,0,0,0,0,0,0,0,0,0,,,,
1415234073.24002,pg_toast,pg_toast_11590,0,0,0,0,0,0,0,0,0,0,0,0,0,0,,,,
1415234073.24002,information_schema,sql_implementation_info,0,0,,,0,0,0,0,0,0,0,0,,,0,0,0,0
1415234073.24002,pg_catalog,pg_user_mapping,0,0,0,0,0,0,0,0,0,0,0,0,0,0,,,,
1415234073.24002,pg_catalog,pg_largeobject,0,0,0,0,0,0,0,0,0,0,0,0,0,0,,,,
1415234073.24002,pg_catalog,pg_namespace,884,14132,61190,48592,16,0,0,0,16,0,66,49451,938,74534,,,,
1415234073.24002,information_schema,sql_parts,0,0,,,0,0,0,0,0,0,0,0,,,0,0,0,0
1415234073.24002,pg_catalog,pg_authid,389,389,25342,25342,0,0,0,0,0,0,42,25689,174,50510,,,,
1415234073.24002,pg_catalog,pg_index,1945,189991,126548,183439,270,0,245,0,135,53,604,165434,241,146789,,,,
1415234073.24002,pg_catalog,pg_ts_dict,0,0,0,0,0,0,0,0,0,0,0,0,0,0,,,,
1415234073.24002,pg_catalog,pg_class,4779,1038661,333886,310574,645,210,610,202,323,0,1377,351032,504,648780,,,,
1415234073.24002,pg_toast,pg_toast_2396,0,0,0,0,0,0,0,0,0,0,0,0,0,0,,,,
1415234073.24002,pg_catalog,pg_enum,0,0,0,0,0,0,0,0,0,0,0,0,0,0,,,,
1415234073.24002,pg_catalog,pg_db_role_setting,0,0,39906,0,0,0,0,0,0,0,0,0,38,39868,0,0,0,0
1415234073.24002,pg_catalog,pg_seclabel,0,0,1585,0,0,0,0,0,0,0,0,0,149,1436,0,0,0,0
1415234073.24002,public,region,2,10,0,0,5,0,0,0,5,0,1,3,0,0,,,,
1415234073.24002,pg_toast,pg_toast_2609,0,0,0,0,0,0,0,0,0,0,0,0,0,0,,,,
1415234073.24002,pg_toast,pg_toast_1255,0,0,0,0,0,0,0,0,0,0,0,0,0,0,,,,
1415234073.24002,pg_catalog,pg_rewrite,0,0,3702,3072,210,0,210,0,111,1,1824,2880,765,5543,1089,1367,386,1742
1415234073.24002,pg_catalog,pg_ts_config,0,0,0,0,0,0,0,0,0,0,0,0,0,0,,,,
1415234073.24002,pg_catalog,pg_extension,0,0,0,0,0,0,0,0,0,0,0,0,0,0,,,,
1415234073.24002,pg_catalog,pg_amop,0,0,112196,163171,0,0,0,0,0,0,202,162969,665,238994,,,,
1415234073.24002,pg_catalog,pg_cast,0,0,404983,100463,0,0,0,0,0,0,149,100314,84,417155,,,,
1415234073.24002,public,supplier,4,400000,0,0,100000,0,0,0,100000,0,2312,15648,0,0,,,,
1415234073.24002,pg_toast,pg_toast_2619,0,0,51337,171050,1854,0,1645,0,225,10,13217,68547,165,59956,,,,
1415234073.24002,pg_toast,pg_toast_11610,0,0,0,0,0,0,0,0,0,0,0,0,0,0,,,,
1415234073.24002,pg_toast,pg_toast_2604,0,0,0,0,0,0,0,0,0,0,0,0,0,0,,,,
1415234133.24545,public,partsupp,3,24000000,0,0,8000000,0,0,0,8000000,0,340611,954509,0,0,,,,
1415234133.24545,public,lineitem,6,359916312,0,0,59986052,0,0,0,59986052,0,5656007,4110060,0,0,,,,
1415234133.24545,pg_catalog,pg_auth_members,0,0,0,0,0,0,0,0,0,0,0,0,0,0,,,,
1415234133.24545,pg_catalog,pg_operator,0,0,96945,485144,0,0,0,0,0,0,1099,342042,955,211831,,,,
1415234133.24545,public,time_statistics,0,0,,,1,0,0,0,1,0,1,0,,,,,,
1415234133.24545,public,orders,4,60000000,0,0,15000000,0,0,0,15000000,0,504554,1558780,0,0,,,,
1415234133.24545,pg_catalog,pg_aggregate,0,0,6645,6645,0,0,0,0,0,0,162,6483,424,11186,,,,
1415234133.24545,pg_catalog,pg_pltemplate,0,0,0,0,0,0,0,0,0,0,0,0,0,0,,,,
1415234133.24545,pg_toast,pg_toast_11615,0,0,0,0,0,0,0,0,0,0,0,0,0,0,,,,
1415234133.24545,pg_catalog,pg_description,0,0,1585,0,0,0,0,0,0,0,0,0,473,3062,0,0,0,0
1415234133.24545,pg_catalog,pg_language,0,0,0,0,0,0,0,0,0,0,0,0,0,0,,,,
1415234133.24545,pg_catalog,pg_ts_parser,0,0,0,0,0,0,0,0,0,0,0,0,0,0,,,,
1415234133.24545,pg_catalog,pg_shseclabel,0,0,0,0,0,0,0,0,0,0,0,0,0,0,,,,
1415234133.24545,pg_catalog,pg_foreign_table,0,0,0,0,0,0,0,0,0,0,0,0,0,0,,,,
1415234133.24545,pg_toast,pg_toast_11620,0,0,0,0,0,0,0,0,0,0,0,0,0,0,,,,
1415234133.24545,pg_catalog,pg_attrdef,0,0,0,0,0,0,0,0,0,0,0,0,0,0,0,0,0,0
1415234133.24545,pg_catalog,pg_ts_template,0,0,0,0,0,0,0,0,0,0,0,0,0,0,,,,
1415234133.24545,pg_catalog,pg_foreign_server,0,0,0,0,0,0,0,0,0,0,0,0,0,0,,,,
1415234133.24545,pg_catalog,pg_default_acl,0,0,1500,0,0,0,0,0,0,0,0,0,153,1347,,,,
1415234133.24545,public,nation,2,50,0,0,25,0,0,0,25,0,1,3,0,0,,,,
1415234133.24545,pg_toast,pg_toast_11595,0,0,0,0,0,0,0,0,0,0,0,0,0,0,,,,
1415234133.24545,information_schema,sql_packages,0,0,,,0,0,0,0,0,0,0,0,,,0,0,0,0
1415234133.24545,pg_catalog,pg_attribute,869,5767,260451,575506,2324,58,2150,44,2421,486,5033,279839,1386,543166,,,,
1415234133.24545,pg_catalog,pg_statistic,0,0,71113,68156,482,1482,435,1157,496,0,4816,67690,542,152735,13217,68549,165,59960
1415234133.24545,pg_toast,pg_toast_2618,0,0,1412,4581,0,0,0,0,0,0,1089,1374,386,1748,,,,
1415234133.24545,pg_toast,pg_toast_3596,0,0,0,0,0,0,0,0,0,0,0,0,0,0,,,,
1415234133.24545,information_schema,sql_features,0,0,,,0,0,0,0,0,0,0,0,,,0,0,0,0
1415234133.24545,pg_catalog,pg_depend,0,0,15293,16412,2845,0,2760,0,6289,257,2427,18953,3901,39656,,,,
1415234133.24545,public,part,6,12000000,0,0,2000000,0,0,0,2000000,0,79007,327715,0,0,,,,
1415234133.24545,pg_toast,pg_toast_11605,0,0,0,0,0,0,0,0,0,0,0,0,0,0,,,,
1415234133.24545,pg_catalog,pg_opclass,158,158,75795,813879,0,0,0,0,0,0,93,290861,362,93839,,,,
1415234133.24545,pg_catalog,pg_proc,0,0,115008,170204,0,0,0,0,0,0,7521,120063,2697,254102,0,0,0,0
1415234133.24545,pg_catalog,pg_trigger,0,0,0,0,0,0,0,0,0,0,0,0,0,0,0,0,0,0
1415234133.24545,information_schema,sql_languages,0,0,,,0,0,0,0,0,0,0,0,,,0,0,0,0
1415234133.24545,pg_catalog,pg_am,13218,13218,0,0,0,0,0,0,0,0,37,13181,0,0,,,,
1415234133.24545,pg_catalog,pg_largeobject_metadata,0,0,0,0,0,0,0,0,0,0,0,0,0,0,,,,
1415234133.24545,pg_catalog,pg_ts_config_map,0,0,0,0,0,0,0,0,0,0,0,0,0,0,,,,
1415234133.24545,pg_catalog,pg_type,0,0,290068,287258,744,0,725,0,349,115,1155,289180,1831,576854,,,,
1415234133.24545,information_schema,sql_sizing_profiles,0,0,,,0,0,0,0,0,0,0,0,,,0,0,0,0
1415234133.24545,pg_catalog,pg_shdepend,0,0,1978,392,0,0,0,0,0,0,172,220,674,2046,,,,
1415234133.24545,pg_catalog,pg_conversion,0,0,0,0,0,0,0,0,0,0,0,0,0,0,,,,
1415234133.24545,pg_catalog,pg_foreign_data_wrapper,0,0,0,0,0,0,0,0,0,0,0,0,0,0,,,,
1415234133.24545,pg_catalog,pg_opfamily,0,0,0,0,0,0,0,0,0,0,0,0,0,0,,,,
1415234133.24545,pg_catalog,pg_shdescription,0,0,0,0,0,0,0,0,0,0,0,0,0,0,0,0,0,0
1415234133.24545,pg_catalog,pg_tablespace,2,4,9223,9223,0,0,0,0,0,0,55,9170,110,18336,,,,
1415234133.24545,pg_catalog,pg_inherits,0,0,365,0,0,0,0,0,0,0,0,0,175,190,,,,
1415234133.24545,pg_toast,pg_toast_2606,0,0,0,0,0,0,0,0,0,0,0,0,0,0,,,,
1415234133.24545,pg_toast,pg_toast_2964,0,0,0,0,0,0,0,0,0,0,0,0,0,0,,,,
1415234133.24545,pg_catalog,pg_database,1061,4109,46229,46227,1,0,0,0,1,0,11,47278,147,72680,,,,
1415234133.24545,pg_toast,pg_toast_2620,0,0,0,0,0,0,0,0,0,0,0,0,0,0,,,,
1415234133.24545,public,customer,6,9000000,0,0,1500000,0,0,0,1500000,0,68533,294857,0,0,,,,
1415234133.24545,information_schema,sql_sizing,0,0,,,0,0,0,0,0,0,0,0,,,0,0,0,0
1415234133.24545,pg_catalog,pg_amproc,158,316,55773,83066,0,0,0,0,0,0,133,54496,111,124382,,,,
1415234133.24545,pg_catalog,pg_collation,0,0,0,0,0,0,0,0,0,0,0,0,0,0,,,,
1415234133.24545,pg_catalog,pg_constraint,0,0,87,40,47,0,40,0,9,40,26,245,48,455,0,0,0,0
1415234133.24545,pg_catalog,pg_range,0,0,2945,0,0,0,0,0,0,0,0,0,433,5457,,,,
1415234133.24545,pg_toast,pg_toast_11600,0,0,0,0,0,0,0,0,0,0,0,0,0,0,,,,
1415234133.24545,pg_toast,pg_toast_11590,0,0,0,0,0,0,0,0,0,0,0,0,0,0,,,,
1415234133.24545,information_schema,sql_implementation_info,0,0,,,0,0,0,0,0,0,0,0,,,0,0,0,0
1415234133.24545,pg_catalog,pg_user_mapping,0,0,0,0,0,0,0,0,0,0,0,0,0,0,,,,
1415234133.24545,pg_catalog,pg_largeobject,0,0,0,0,0,0,0,0,0,0,0,0,0,0,,,,
1415234133.24545,pg_catalog,pg_namespace,886,14176,61337,48735,16,0,0,0,16,0,66,49596,938,74687,,,,
1415234133.24545,information_schema,sql_parts,0,0,,,0,0,0,0,0,0,0,0,,,0,0,0,0
1415234133.24545,pg_catalog,pg_authid,389,389,25352,25352,0,0,0,0,0,0,42,25699,174,50530,,,,
1415234133.24545,pg_catalog,pg_index,1949,190531,126584,183486,271,0,245,0,136,53,604,165498,241,146837,,,,
1415234133.24545,pg_catalog,pg_ts_dict,0,0,0,0,0,0,0,0,0,0,0,0,0,0,,,,
1415234133.24545,pg_catalog,pg_class,4789,1041328,334222,310907,646,210,610,202,324,0,1377,351461,504,649467,,,,
1415234133.24545,pg_toast,pg_toast_2396,0,0,0,0,0,0,0,0,0,0,0,0,0,0,,,,
1415234133.24545,pg_catalog,pg_enum,0,0,0,0,0,0,0,0,0,0,0,0,0,0,,,,
1415234133.24545,pg_catalog,pg_db_role_setting,0,0,39927,0,0,0,0,0,0,0,0,0,38,39889,0,0,0,0
1415234133.24545,pg_catalog,pg_seclabel,0,0,1585,0,0,0,0,0,0,0,0,0,149,1436,0,0,0,0
1415234133.24545,public,region,2,10,0,0,5,0,0,0,5,0,1,3,0,0,,,,
1415234133.24545,pg_toast,pg_toast_2609,0,0,0,0,0,0,0,0,0,0,0,0,0,0,,,,
1415234133.24545,pg_toast,pg_toast_1255,0,0,0,0,0,0,0,0,0,0,0,0,0,0,,,,
1415234133.24545,pg_catalog,pg_rewrite,0,0,3707,3077,210,0,210,0,111,1,1824,2885,765,5551,1089,1374,386,1748
1415234133.24545,pg_catalog,pg_ts_config,0,0,0,0,0,0,0,0,0,0,0,0,0,0,,,,
1415234133.24545,pg_catalog,pg_extension,0,0,0,0,0,0,0,0,0,0,0,0,0,0,,,,
1415234133.24545,pg_catalog,pg_amop,0,0,112213,163192,0,0,0,0,0,0,202,162990,665,239032,,,,
1415234133.24545,pg_catalog,pg_cast,0,0,405042,100487,0,0,0,0,0,0,149,100338,84,417218,,,,
1415234133.24545,public,supplier,4,400000,0,0,100000,0,0,0,100000,0,2312,15648,0,0,,,,
1415234133.24545,pg_toast,pg_toast_2619,0,0,51339,171054,1854,0,1645,0,225,10,13217,68549,165,59960,,,,
1415234133.24545,pg_toast,pg_toast_11610,0,0,0,0,0,0,0,0,0,0,0,0,0,0,,,,
1415234133.24545,pg_toast,pg_toast_2604,0,0,0,0,0,0,0,0,0,0,0,0,0,0,,,,
1415234193.25217,public,partsupp,3,24000000,0,0,8000000,0,0,0,8000000,0,340611,954509,0,0,,,,
1415234193.25217,public,lineitem,7,419902364,0,0,59986052,0,0,0,59986052,0,6467082,4364402,0,0,,,,
1415234193.25217,pg_catalog,pg_auth_members,0,0,0,0,0,0,0,0,0,0,0,0,0,0,,,,
1415234193.25217,pg_catalog,pg_operator,0,0,96962,485161,0,0,0,0,0,0,1099,342059,955,211873,,,,
1415234193.25217,public,time_statistics,0,0,,,1,0,0,0,1,0,1,0,,,,,,
1415234193.25217,public,orders,4,60000000,0,0,15000000,0,0,0,15000000,0,504554,1558780,0,0,,,,
1415234193.25217,pg_catalog,pg_aggregate,0,0,6646,6646,0,0,0,0,0,0,162,6484,424,11188,,,,
1415234193.25217,pg_catalog,pg_pltemplate,0,0,0,0,0,0,0,0,0,0,0,0,0,0,,,,
1415234193.25217,pg_toast,pg_toast_11615,0,0,0,0,0,0,0,0,0,0,0,0,0,0,,,,
1415234193.25217,pg_catalog,pg_description,0,0,1585,0,0,0,0,0,0,0,0,0,473,3062,0,0,0,0
1415234193.25217,pg_catalog,pg_language,0,0,0,0,0,0,0,0,0,0,0,0,0,0,,,,
1415234193.25217,pg_catalog,pg_ts_parser,0,0,0,0,0,0,0,0,0,0,0,0,0,0,,,,
1415234193.25217,pg_catalog,pg_shseclabel,0,0,0,0,0,0,0,0,0,0,0,0,0,0,,,,
1415234193.25217,pg_catalog,pg_foreign_table,0,0,0,0,0,0,0,0,0,0,0,0,0,0,,,,
1415234193.25217,pg_toast,pg_toast_11620,0,0,0,0,0,0,0,0,0,0,0,0,0,0,,,,
1415234193.25217,pg_catalog,pg_attrdef,0,0,0,0,0,0,0,0,0,0,0,0,0,0,0,0,0,0
1415234193.25217,pg_catalog,pg_ts_template,0,0,0,0,0,0,0,0,0,0,0,0,0,0,,,,
1415234193.25217,pg_catalog,pg_foreign_server,0,0,0,0,0,0,0,0,0,0,0,0,0,0,,,,
1415234193.25217,pg_catalog,pg_default_acl,0,0,1500,0,0,0,0,0,0,0,0,0,153,1347,,,,
1415234193.25217,public,nation,2,50,0,0,25,0,0,0,25,0,1,3,0,0,,,,
1415234193.25217,pg_toast,pg_toast_11595,0,0,0,0,0,0,0,0,0,0,0,0,0,0,,,,
1415234193.25217,information_schema,sql_packages,0,0,,,0,0,0,0,0,0,0,0,,,0,0,0,0
1415234193.25217,pg_catalog,pg_attribute,869,5767,260657,575966,2326,58,2150,44,2423,486,5033,280051,1386,543593,,,,
1415234193.25217,pg_catalog,pg_statistic,0,0,71138,68175,482,1482,435,1157,496,0,4816,67709,542,152790,13217,68552,165,59966
1415234193.25217,pg_toast,pg_toast_2618,0,0,1416,4594,0,0,0,0,0,0,1089,1381,386,1754,,,,
1415234193.25217,pg_toast,pg_toast_3596,0,0,0,0,0,0,0,0,0,0,0,0,0,0,,,,
1415234193.25217,information_schema,sql_features,0,0,,,0,0,0,0,0,0,0,0,,,0,0,0,0
1415234193.25217,pg_catalog,pg_depend,0,0,15297,16416,2847,0,2760,0,6291,257,2427,18962,3901,39674,,,,
1415234193.25217,public,part,6,12000000,0,0,2000000,0,0,0,2000000,0,79007,327715,0,0,,,,
1415234193.25217,pg_toast,pg_toast_11605,0,0,0,0,0,0,0,0,0,0,0,0,0,0,,,,
1415234193.25217,pg_catalog,pg_opclass,158,158,75818,814138,0,0,0,0,0,0,93,290939,362,93872,,,,
1415234193.25217,pg_catalog,pg_proc,0,0,115084,170315,0,0,0,0,0,0,7521,120154,2697,254269,0,0,0,0
1415234193.25217,pg_catalog,pg_trigger,0,0,0,0,0,0,0,0,0,0,0,0,0,0,0,0,0,0
1415234193.25217,information_schema,sql_languages,0,0,,,0,0,0,0,0,0,0,0,,,0,0,0,0
1415234193.25217,pg_catalog,pg_am,13225,13225,0,0,0,0,0,0,0,0,37,13188,0,0,,,,
1415234193.25217,pg_catalog,pg_largeobject_metadata,0,0,0,0,0,0,0,0,0,0,0,0,0,0,,,,
1415234193.25217,pg_catalog,pg_ts_config_map,0,0,0,0,0,0,0,0,0,0,0,0,0,0,,,,
1415234193.25217,pg_catalog,pg_type,0,0,290160,287350,744,0,725,0,349,115,1155,289272,1831,577044,,,,
1415234193.25217,information_schema,sql_sizing_profiles,0,0,,,0,0,0,0,0,0,0,0,,,0,0,0,0
1415234193.25217,pg_catalog,pg_shdepend,0,0,1978,392,0,0,0,0,0,0,172,220,674,2046,,,,
1415234193.25217,pg_catalog,pg_conversion,0,0,0,0,0,0,0,0,0,0,0,0,0,0,,,,
1415234193.25217,pg_catalog,pg_foreign_data_wrapper,0,0,0,0,0,0,0,0,0,0,0,0,0,0,,,,
1415234193.25217,pg_catalog,pg_opfamily,0,0,0,0,0,0,0,0,0,0,0,0,0,0,,,,
1415234193.25217,pg_catalog,pg_shdescription,0,0,0,0,0,0,0,0,0,0,0,0,0,0,0,0,0,0
1415234193.25217,pg_catalog,pg_tablespace,2,4,9228,9228,0,0,0,0,0,0,55,9175,110,18346,,,,
1415234193.25217,pg_catalog,pg_inherits,0,0,365,0,0,0,0,0,0,0,0,0,175,190,,,,
1415234193.25217,pg_toast,pg_toast_2606,0,0,0,0,0,0,0,0,0,0,0,0,0,0,,,,
1415234193.25217,pg_toast,pg_toast_2964,0,0,0,0,0,0,0,0,0,0,0,0,0,0,,,,
1415234193.25217,pg_catalog,pg_database,1064,4121,46259,46257,1,0,0,0,1,0,11,47311,147,72724,,,,
1415234193.25217,pg_toast,pg_toast_2620,0,0,0,0,0,0,0,0,0,0,0,0,0,0,,,,
1415234193.25217,public,customer,6,9000000,0,0,1500000,0,0,0,1500000,0,68533,294857,0,0,,,,
1415234193.25217,information_schema,sql_sizing,0,0,,,0,0,0,0,0,0,0,0,,,0,0,0,0
1415234193.25217,pg_catalog,pg_amproc,158,316,55791,83095,0,0,0,0,0,0,133,54514,111,124424,,,,
1415234193.25217,pg_catalog,pg_collation,0,0,0,0,0,0,0,0,0,0,0,0,0,0,,,,
1415234193.25217,pg_catalog,pg_constraint,0,0,87,40,47,0,40,0,9,40,26,245,48,455,0,0,0,0
1415234193.25217,pg_catalog,pg_range,0,0,2945,0,0,0,0,0,0,0,0,0,433,5457,,,,
1415234193.25217,pg_toast,pg_toast_11600,0,0,0,0,0,0,0,0,0,0,0,0,0,0,,,,
1415234193.25217,pg_toast,pg_toast_11590,0,0,0,0,0,0,0,0,0,0,0,0,0,0,,,,
1415234193.25217,information_schema,sql_implementation_info,0,0,,,0,0,0,0,0,0,0,0,,,0,0,0,0
1415234193.25217,pg_catalog,pg_user_mapping,0,0,0,0,0,0,0,0,0,0,0,0,0,0,,,,
1415234193.25217,pg_catalog,pg_largeobject,0,0,0,0,0,0,0,0,0,0,0,0,0,0,,,,
1415234193.25217,pg_catalog,pg_namespace,888,14220,61491,48883,16,0,0,0,16,0,66,49746,938,74849,,,,
1415234193.25217,information_schema,sql_parts,0,0,,,0,0,0,0,0,0,0,0,,,0,0,0,0
1415234193.25217,pg_catalog,pg_authid,390,390,25362,25362,0,0,0,0,0,0,42,25710,174,50550,,,,
1415234193.25217,pg_catalog,pg_index,1953,191075,126626,183542,272,0,245,0,137,53,604,165568,241,146893,,,,
1415234193.25217,pg_catalog,pg_ts_dict,0,0,0,0,0,0,0,0,0,0,0,0,0,0,,,,
1415234193.25217,pg_catalog,pg_class,4800,1044329,334575,311257,647,210,610,202,325,0,1377,351916,504,650190,,,,
1415234193.25217,pg_toast,pg_toast_2396,0,0,0,0,0,0,0,0,0,0,0,0,0,0,,,,
1415234193.25217,pg_catalog,pg_enum,0,0,0,0,0,0,0,0,0,0,0,0,0,0,,,,
1415234193.25217,pg_catalog,pg_db_role_setting,0,0,39948,0,0,0,0,0,0,0,0,0,38,39910,0,0,0,0
1415234193.25217,pg_catalog,pg_seclabel,0,0,1585,0,0,0,0,0,0,0,0,0,149,1436,0,0,0,0
1415234193.25217,public,region,2,10,0,0,5,0,0,0,5,0,1,3,0,0,,,,
1415234193.25217,pg_toast,pg_toast_2609,0,0,0,0,0,0,0,0,0,0,0,0,0,0,,,,
1415234193.25217,pg_toast,pg_toast_1255,0,0,0,0,0,0,0,0,0,0,0,0,0,0,,,,
1415234193.25217,pg_catalog,pg_rewrite,0,0,3714,3084,210,0,210,0,111,1,1824,2892,765,5563,1089,1381,386,1754
1415234193.25217,pg_catalog,pg_ts_config,0,0,0,0,0,0,0,0,0,0,0,0,0,0,,,,
1415234193.25217,pg_catalog,pg_extension,0,0,0,0,0,0,0,0,0,0,0,0,0,0,,,,
1415234193.25217,pg_catalog,pg_amop,0,0,112246,163233,0,0,0,0,0,0,202,163031,665,239106,,,,
1415234193.25217,pg_catalog,pg_cast,0,0,405130,100522,0,0,0,0,0,0,149,100373,84,417312,,,,
1415234193.25217,public,supplier,4,400000,0,0,100000,0,0,0,100000,0,2312,15648,0,0,,,,
1415234193.25217,pg_toast,pg_toast_2619,0,0,51342,171060,1854,0,1645,0,225,10,13217,68552,165,59966,,,,
1415234193.25217,pg_toast,pg_toast_11610,0,0,0,0,0,0,0,0,0,0,0,0,0,0,,,,
1415234193.25217,pg_toast,pg_toast_2604,0,0,0,0,0,0,0,0,0,0,0,0,0,0,,,,
1415234253.25984,public,partsupp,3,24000000,0,0,8000000,0,0,0,8000000,0,340611,954509,0,0,,,,
1415234253.25984,public,lineitem,9,539874468,0,0,59986052,0,0,0,59986052,0,8583574,4378744,0,0,,,,
1415234253.25984,pg_catalog,pg_auth_members,0,0,0,0,0,0,0,0,0,0,0,0,0,0,,,,
1415234253.25984,pg_catalog,pg_operator,0,0,96982,485181,0,0,0,0,0,0,1099,342079,955,211924,,,,
1415234253.25984,public,time_statistics,0,0,,,1,0,0,0,1,0,1,0,,,,,,
1415234253.25984,public,orders,4,60000000,0,0,15000000,0,0,0,15000000,0,504554,1558780,0,0,,,,
1415234253.25984,pg_catalog,pg_aggregate,0,0,6647,6647,0,0,0,0,0,0,162,6485,424,11190,,,,
1415234253.25984,pg_catalog,pg_pltemplate,0,0,0,0,0,0,0,0,0,0,0,0,0,0,,,,
1415234253.25984,pg_toast,pg_toast_11615,0,0,0,0,0,0,0,0,0,0,0,0,0,0,,,,
1415234253.25984,pg_catalog,pg_description,0,0,1585,0,0,0,0,0,0,0,0,0,473,3062,0,0,0,0
1415234253.25984,pg_catalog,pg_language,0,0,0,0,0,0,0,0,0,0,0,0,0,0,,,,
1415234253.25984,pg_catalog,pg_ts_parser,0,0,0,0,0,0,0,0,0,0,0,0,0,0,,,,
1415234253.25984,pg_catalog,pg_shseclabel,0,0,0,0,0,0,0,0,0,0,0,0,0,0,,,,
1415234253.25984,pg_catalog,pg_foreign_table,0,0,0,0,0,0,0,0,0,0,0,0,0,0,,,,
1415234253.25984,pg_toast,pg_toast_11620,0,0,0,0,0,0,0,0,0,0,0,0,0,0,,,,
1415234253.25984,pg_catalog,pg_attrdef,0,0,0,0,0,0,0,0,0,0,0,0,0,0,0,0,0,0
1415234253.25984,pg_catalog,pg_ts_template,0,0,0,0,0,0,0,0,0,0,0,0,0,0,,,,
1415234253.25984,pg_catalog,pg_foreign_server,0,0,0,0,0,0,0,0,0,0,0,0,0,0,,,,
1415234253.25984,pg_catalog,pg_default_acl,0,0,1500,0,0,0,0,0,0,0,0,0,153,1347,,,,
1415234253.25984,public,nation,2,50,0,0,25,0,0,0,25,0,1,3,0,0,,,,
1415234253.25984,pg_toast,pg_toast_11595,0,0,0,0,0,0,0,0,0,0,0,0,0,0,,,,
1415234253.25984,information_schema,sql_packages,0,0,,,0,0,0,0,0,0,0,0,,,0,0,0,0
1415234253.25984,pg_catalog,pg_attribute,869,5767,260892,576431,2328,60,2150,46,2425,488,5033,280294,1386,544079,,,,
1415234253.25984,pg_catalog,pg_statistic,0,0,71169,68198,482,1482,435,1157,496,0,4816,67732,542,152859,13217,68556,165,59974
1415234253.25984,pg_toast,pg_toast_2618,0,0,1420,4607,0,0,0,0,0,0,1089,1388,386,1760,,,,
1415234253.25984,pg_toast,pg_toast_3596,0,0,0,0,0,0,0,0,0,0,0,0,0,0,,,,
1415234253.25984,information_schema,sql_features,0,0,,,0,0,0,0,0,0,0,0,,,0,0,0,0
1415234253.25984,pg_catalog,pg_depend,0,0,15302,16420,2850,0,2760,0,6294,257,2427,18972,3901,39698,,,,
1415234253.25984,public,part,6,12000000,0,0,2000000,0,0,0,2000000,0,79007,327715,0,0,,,,
1415234253.25984,pg_toast,pg_toast_11605,0,0,0,0,0,0,0,0,0,0,0,0,0,0,,,,
1415234253.25984,pg_catalog,pg_opclass,158,158,75846,814478,0,0,0,0,0,0,93,291045,362,93912,,,,
1415234253.25984,pg_catalog,pg_proc,0,0,115172,170452,0,0,0,0,0,0,7521,120263,2697,254466,0,0,0,0
1415234253.25984,pg_catalog,pg_trigger,0,0,0,0,0,0,0,0,0,0,0,0,0,0,0,0,0,0
1415234253.25984,information_schema,sql_languages,0,0,,,0,0,0,0,0,0,0,0,,,0,0,0,0
1415234253.25984,pg_catalog,pg_am,13233,13233,0,0,0,0,0,0,0,0,37,13196,0,0,,,,
1415234253.25984,pg_catalog,pg_largeobject_metadata,0,0,0,0,0,0,0,0,0,0,0,0,0,0,,,,
1415234253.25984,pg_catalog,pg_ts_config_map,0,0,0,0,0,0,0,0,0,0,0,0,0,0,,,,
1415234253.25984,pg_catalog,pg_type,0,0,290286,287476,744,0,725,0,349,115,1155,289398,1831,577304,,,,
1415234253.25984,information_schema,sql_sizing_profiles,0,0,,,0,0,0,0,0,0,0,0,,,0,0,0,0
1415234253.25984,pg_catalog,pg_shdepend,0,0,1978,392,0,0,0,0,0,0,172,220,674,2046,,,,
1415234253.25984,pg_catalog,pg_conversion,0,0,0,0,0,0,0,0,0,0,0,0,0,0,,,,
1415234253.25984,pg_catalog,pg_foreign_data_wrapper,0,0,0,0,0,0,0,0,0,0,0,0,0,0,,,,
1415234253.25984,pg_catalog,pg_opfamily,0,0,0,0,0,0,0,0,0,0,0,0,0,0,,,,
1415234253.25984,pg_catalog,pg_shdescription,0,0,0,0,0,0,0,0,0,0,0,0,0,0,0,0,0,0
1415234253.25984,pg_catalog,pg_tablespace,2,4,9235,9235,0,0,0,0,0,0,55,9182,110,18360,,,,
1415234253.25984,pg_catalog,pg_inherits,0,0,365,0,0,0,0,0,0,0,0,0,175,190,,,,
1415234253.25984,pg_toast,pg_toast_2606,0,0,0,0,0,0,0,0,0,0,0,0,0,0,,,,
1415234253.25984,pg_toast,pg_toast_2964,0,0,0,0,0,0,0,0,0,0,0,0,0,0,,,,
1415234253.25984,pg_catalog,pg_database,1067,4133,46296,46294,1,0,0,0,1,0,11,47351,147,72777,,,,
1415234253.25984,pg_toast,pg_toast_2620,0,0,0,0,0,0,0,0,0,0,0,0,0,0,,,,
1415234253.25984,public,customer,6,9000000,0,0,1500000,0,0,0,1500000,0,68533,294857,0,0,,,,
1415234253.25984,information_schema,sql_sizing,0,0,,,0,0,0,0,0,0,0,0,,,0,0,0,0
1415234253.25984,pg_catalog,pg_amproc,158,316,55815,83132,0,0,0,0,0,0,133,54538,111,124479,,,,
1415234253.25984,pg_catalog,pg_collation,0,0,0,0,0,0,0,0,0,0,0,0,0,0,,,,
1415234253.25984,pg_catalog,pg_constraint,0,0,88,40,48,0,40,0,10,40,26,249,48,464,0,0,0,0
1415234253.25984,pg_catalog,pg_range,0,0,2945,0,0,0,0,0,0,0,0,0,433,5457,,,,
1415234253.25984,pg_toast,pg_toast_11600,0,0,0,0,0,0,0,0,0,0,0,0,0,0,,,,
1415234253.25984,pg_toast,pg_toast_11590,0,0,0,0,0,0,0,0,0,0,0,0,0,0,,,,
1415234253.25984,information_schema,sql_implementation_info,0,0,,,0,0,0,0,0,0,0,0,,,0,0,0,0
1415234253.25984,pg_catalog,pg_user_mapping,0,0,0,0,0,0,0,0,0,0,0,0,0,0,,,,
1415234253.25984,pg_catalog,pg_largeobject,0,0,0,0,0,0,0,0,0,0,0,0,0,0,,,,
1415234253.25984,pg_catalog,pg_namespace,890,14264,61652,49036,16,0,0,0,16,0,66,49901,938,75020,,,,
1415234253.25984,information_schema,sql_parts,0,0,,,0,0,0,0,0,0,0,0,,,0,0,0,0
1415234253.25984,pg_catalog,pg_authid,392,392,25374,25374,0,0,0,0,0,0,42,25724,174,50574,,,,
1415234253.25984,pg_catalog,pg_index,1957,191623,126687,183629,273,0,245,0,138,53,604,165663,241,146971,,,,
1415234253.25984,pg_catalog,pg_ts_dict,0,0,0,0,0,0,0,0,0,0,0,0,0,0,,,,
1415234253.25984,pg_catalog,pg_class,4812,1047663,334946,311625,648,210,610,202,326,0,1377,352399,504,650952,,,,
1415234253.25984,pg_toast,pg_toast_2396,0,0,0,0,0,0,0,0,0,0,0,0,0,0,,,,
1415234253.25984,pg_catalog,pg_enum,0,0,0,0,0,0,0,0,0,0,0,0,0,0,,,,
1415234253.25984,pg_catalog,pg_db_role_setting,0,0,39972,0,0,0,0,0,0,0,0,0,38,39934,0,0,0,0
1415234253.25984,pg_catalog,pg_seclabel,0,0,1585,0,0,0,0,0,0,0,0,0,149,1436,0,0,0,0
1415234253.25984,public,region,2,10,0,0,5,0,0,0,5,0,1,3,0,0,,,,
1415234253.25984,pg_toast,pg_toast_2609,0,0,0,0,0,0,0,0,0,0,0,0,0,0,,,,
1415234253.25984,pg_toast,pg_toast_1255,0,0,0,0,0,0,0,0,0,0,0,0,0,0,,,,
1415234253.25984,pg_catalog,pg_rewrite,0,0,3723,3093,210,0,210,0,111,1,1824,2901,765,5579,1089,1388,386,1760
1415234253.25984,pg_catalog,pg_ts_config,0,0,0,0,0,0,0,0,0,0,0,0,0,0,,,,
1415234253.25984,pg_catalog,pg_extension,0,0,0,0,0,0,0,0,0,0,0,0,0,0,,,,
1415234253.25984,pg_catalog,pg_amop,0,0,112295,163294,0,0,0,0,0,0,202,163092,665,239216,,,,
1415234253.25984,pg_catalog,pg_cast,0,0,405246,100568,0,0,0,0,0,0,149,100419,84,417436,,,,
1415234253.25984,public,supplier,4,400000,0,0,100000,0,0,0,100000,0,2312,15648,0,0,,,,
1415234253.25984,pg_toast,pg_toast_2619,0,0,51346,171068,1854,0,1645,0,225,10,13217,68556,165,59974,,,,
1415234253.25984,pg_toast,pg_toast_11610,0,0,0,0,0,0,0,0,0,0,0,0,0,0,,,,
1415234253.25984,pg_toast,pg_toast_2604,0,0,0,0,0,0,0,0,0,0,0,0,0,0,,,,
